date,date_key,day,month,month_name,year,quarter,day_of_week,day_name,is_weekend
2014-01-03 00:00:00.000000,20140103,3,1,Jan,2014,1,4,Friday,0
2014-01-04 00:00:00.000000,20140104,4,1,Jan,2014,1,5,Saturday,1
2014-01-05 00:00:00.000000,20140105,5,1,Jan,2014,1,6,Sunday,1
2014-01-06 00:00:00.000000,20140106,6,1,Jan,2014,1,0,Monday,0
2014-01-07 00:00:00.000000,20140107,7,1,Jan,2014,1,1,Tuesday,0
2014-01-08 00:00:00.000000,20140108,8,1,Jan,2014,1,2,Wednesday,0
2014-01-09 00:00:00.000000,20140109,9,1,Jan,2014,1,3,Thursday,0
2014-01-10 00:00:00.000000,20140110,10,1,Jan,2014,1,4,Friday,0
2014-01-11 00:00:00.000000,20140111,11,1,Jan,2014,1,5,Saturday,1
2014-01-12 00:00:00.000000,20140112,12,1,Jan,2014,1,6,Sunday,1
2014-01-13 00:00:00.000000,20140113,13,1,Jan,2014,1,0,Monday,0
2014-01-14 00:00:00.000000,20140114,14,1,Jan,2014,1,1,Tuesday,0
2014-01-15 00:00:00.000000,20140115,15,1,Jan,2014,1,2,Wednesday,0
2014-01-16 00:00:00.000000,20140116,16,1,Jan,2014,1,3,Thursday,0
2014-01-17 00:00:00.000000,20140117,17,1,Jan,2014,1,4,Friday,0
2014-01-18 00:00:00.000000,20140118,18,1,Jan,2014,1,5,Saturday,1
2014-01-19 00:00:00.000000,20140119,19,1,Jan,2014,1,6,Sunday,1
2014-01-20 00:00:00.000000,20140120,20,1,Jan,2014,1,0,Monday,0
2014-01-21 00:00:00.000000,20140121,21,1,Jan,2014,1,1,Tuesday,0
2014-01-22 00:00:00.000000,20140122,22,1,Jan,2014,1,2,Wednesday,0
2014-01-23 00:00:00.000000,20140123,23,1,Jan,2014,1,3,Thursday,0
2014-01-24 00:00:00.000000,20140124,24,1,Jan,2014,1,4,Friday,0
2014-01-25 00:00:00.000000,20140125,25,1,Jan,2014,1,5,Saturday,1
2014-01-26 00:00:00.000000,20140126,26,1,Jan,2014,1,6,Sunday,1
2014-01-27 00:00:00.000000,20140127,27,1,Jan,2014,1,0,Monday,0
2014-01-28 00:00:00.000000,20140128,28,1,Jan,2014,1,1,Tuesday,0
2014-01-29 00:00:00.000000,20140129,29,1,Jan,2014,1,2,Wednesday,0
2014-01-30 00:00:00.000000,20140130,30,1,Jan,2014,1,3,Thursday,0
2014-01-31 00:00:00.000000,20140131,31,1,Jan,2014,1,4,Friday,0
2014-02-01 00:00:00.000000,20140201,1,2,Feb,2014,1,5,Saturday,1
2014-02-02 00:00:00.000000,20140202,2,2,Feb,2014,1,6,Sunday,1
2014-02-03 00:00:00.000000,20140203,3,2,Feb,2014,1,0,Monday,0
2014-02-04 00:00:00.000000,20140204,4,2,Feb,2014,1,1,Tuesday,0
2014-02-05 00:00:00.000000,20140205,5,2,Feb,2014,1,2,Wednesday,0
2014-02-06 00:00:00.000000,20140206,6,2,Feb,2014,1,3,Thursday,0
2014-02-07 00:00:00.000000,20140207,7,2,Feb,2014,1,4,Friday,0
2014-02-08 00:00:00.000000,20140208,8,2,Feb,2014,1,5,Saturday,1
2014-02-09 00:00:00.000000,20140209,9,2,Feb,2014,1,6,Sunday,1
2014-02-10 00:00:00.000000,20140210,10,2,Feb,2014,1,0,Monday,0
2014-02-11 00:00:00.000000,20140211,11,2,Feb,2014,1,1,Tuesday,0
2014-02-12 00:00:00.000000,20140212,12,2,Feb,2014,1,2,Wednesday,0
2014-02-13 00:00:00.000000,20140213,13,2,Feb,2014,1,3,Thursday,0
2014-02-14 00:00:00.000000,20140214,14,2,Feb,2014,1,4,Friday,0
2014-02-15 00:00:00.000000,20140215,15,2,Feb,2014,1,5,Saturday,1
2014-02-16 00:00:00.000000,20140216,16,2,Feb,2014,1,6,Sunday,1
2014-02-17 00:00:00.000000,20140217,17,2,Feb,2014,1,0,Monday,0
2014-02-18 00:00:00.000000,20140218,18,2,Feb,2014,1,1,Tuesday,0
2014-02-19 00:00:00.000000,20140219,19,2,Feb,2014,1,2,Wednesday,0
2014-02-20 00:00:00.000000,20140220,20,2,Feb,2014,1,3,Thursday,0
2014-02-21 00:00:00.000000,20140221,21,2,Feb,2014,1,4,Friday,0
2014-02-22 00:00:00.000000,20140222,22,2,Feb,2014,1,5,Saturday,1
2014-02-23 00:00:00.000000,20140223,23,2,Feb,2014,1,6,Sunday,1
2014-02-24 00:00:00.000000,20140224,24,2,Feb,2014,1,0,Monday,0
2014-02-25 00:00:00.000000,20140225,25,2,Feb,2014,1,1,Tuesday,0
2014-02-26 00:00:00.000000,20140226,26,2,Feb,2014,1,2,Wednesday,0
2014-02-27 00:00:00.000000,20140227,27,2,Feb,2014,1,3,Thursday,0
2014-02-28 00:00:00.000000,20140228,28,2,Feb,2014,1,4,Friday,0
2014-03-01 00:00:00.000000,20140301,1,3,Mar,2014,1,5,Saturday,1
2014-03-02 00:00:00.000000,20140302,2,3,Mar,2014,1,6,Sunday,1
2014-03-03 00:00:00.000000,20140303,3,3,Mar,2014,1,0,Monday,0
2014-03-04 00:00:00.000000,20140304,4,3,Mar,2014,1,1,Tuesday,0
2014-03-05 00:00:00.000000,20140305,5,3,Mar,2014,1,2,Wednesday,0
2014-03-06 00:00:00.000000,20140306,6,3,Mar,2014,1,3,Thursday,0
2014-03-07 00:00:00.000000,20140307,7,3,Mar,2014,1,4,Friday,0
2014-03-08 00:00:00.000000,20140308,8,3,Mar,2014,1,5,Saturday,1
2014-03-09 00:00:00.000000,20140309,9,3,Mar,2014,1,6,Sunday,1
2014-03-10 00:00:00.000000,20140310,10,3,Mar,2014,1,0,Monday,0
2014-03-11 00:00:00.000000,20140311,11,3,Mar,2014,1,1,Tuesday,0
2014-03-12 00:00:00.000000,20140312,12,3,Mar,2014,1,2,Wednesday,0
2014-03-13 00:00:00.000000,20140313,13,3,Mar,2014,1,3,Thursday,0
2014-03-14 00:00:00.000000,20140314,14,3,Mar,2014,1,4,Friday,0
2014-03-15 00:00:00.000000,20140315,15,3,Mar,2014,1,5,Saturday,1
2014-03-16 00:00:00.000000,20140316,16,3,Mar,2014,1,6,Sunday,1
2014-03-17 00:00:00.000000,20140317,17,3,Mar,2014,1,0,Monday,0
2014-03-18 00:00:00.000000,20140318,18,3,Mar,2014,1,1,Tuesday,0
2014-03-19 00:00:00.000000,20140319,19,3,Mar,2014,1,2,Wednesday,0
2014-03-20 00:00:00.000000,20140320,20,3,Mar,2014,1,3,Thursday,0
2014-03-21 00:00:00.000000,20140321,21,3,Mar,2014,1,4,Friday,0
2014-03-22 00:00:00.000000,20140322,22,3,Mar,2014,1,5,Saturday,1
2014-03-23 00:00:00.000000,20140323,23,3,Mar,2014,1,6,Sunday,1
2014-03-24 00:00:00.000000,20140324,24,3,Mar,2014,1,0,Monday,0
2014-03-25 00:00:00.000000,20140325,25,3,Mar,2014,1,1,Tuesday,0
2014-03-26 00:00:00.000000,20140326,26,3,Mar,2014,1,2,Wednesday,0
2014-03-27 00:00:00.000000,20140327,27,3,Mar,2014,1,3,Thursday,0
2014-03-28 00:00:00.000000,20140328,28,3,Mar,2014,1,4,Friday,0
2014-03-29 00:00:00.000000,20140329,29,3,Mar,2014,1,5,Saturday,1
2014-03-30 00:00:00.000000,20140330,30,3,Mar,2014,1,6,Sunday,1
2014-03-31 00:00:00.000000,20140331,31,3,Mar,2014,1,0,Monday,0
2014-04-01 00:00:00.000000,20140401,1,4,Apr,2014,2,1,Tuesday,0
2014-04-02 00:00:00.000000,20140402,2,4,Apr,2014,2,2,Wednesday,0
2014-04-03 00:00:00.000000,20140403,3,4,Apr,2014,2,3,Thursday,0
2014-04-04 00:00:00.000000,20140404,4,4,Apr,2014,2,4,Friday,0
2014-04-05 00:00:00.000000,20140405,5,4,Apr,2014,2,5,Saturday,1
2014-04-06 00:00:00.000000,20140406,6,4,Apr,2014,2,6,Sunday,1
2014-04-07 00:00:00.000000,20140407,7,4,Apr,2014,2,0,Monday,0
2014-04-08 00:00:00.000000,20140408,8,4,Apr,2014,2,1,Tuesday,0
2014-04-09 00:00:00.000000,20140409,9,4,Apr,2014,2,2,Wednesday,0
2014-04-10 00:00:00.000000,20140410,10,4,Apr,2014,2,3,Thursday,0
2014-04-11 00:00:00.000000,20140411,11,4,Apr,2014,2,4,Friday,0
2014-04-12 00:00:00.000000,20140412,12,4,Apr,2014,2,5,Saturday,1
2014-04-13 00:00:00.000000,20140413,13,4,Apr,2014,2,6,Sunday,1
2014-04-14 00:00:00.000000,20140414,14,4,Apr,2014,2,0,Monday,0
2014-04-15 00:00:00.000000,20140415,15,4,Apr,2014,2,1,Tuesday,0
2014-04-16 00:00:00.000000,20140416,16,4,Apr,2014,2,2,Wednesday,0
2014-04-17 00:00:00.000000,20140417,17,4,Apr,2014,2,3,Thursday,0
2014-04-18 00:00:00.000000,20140418,18,4,Apr,2014,2,4,Friday,0
2014-04-19 00:00:00.000000,20140419,19,4,Apr,2014,2,5,Saturday,1
2014-04-20 00:00:00.000000,20140420,20,4,Apr,2014,2,6,Sunday,1
2014-04-21 00:00:00.000000,20140421,21,4,Apr,2014,2,0,Monday,0
2014-04-22 00:00:00.000000,20140422,22,4,Apr,2014,2,1,Tuesday,0
2014-04-23 00:00:00.000000,20140423,23,4,Apr,2014,2,2,Wednesday,0
2014-04-24 00:00:00.000000,20140424,24,4,Apr,2014,2,3,Thursday,0
2014-04-25 00:00:00.000000,20140425,25,4,Apr,2014,2,4,Friday,0
2014-04-26 00:00:00.000000,20140426,26,4,Apr,2014,2,5,Saturday,1
2014-04-27 00:00:00.000000,20140427,27,4,Apr,2014,2,6,Sunday,1
2014-04-28 00:00:00.000000,20140428,28,4,Apr,2014,2,0,Monday,0
2014-04-29 00:00:00.000000,20140429,29,4,Apr,2014,2,1,Tuesday,0
2014-04-30 00:00:00.000000,20140430,30,4,Apr,2014,2,2,Wednesday,0
2014-05-01 00:00:00.000000,20140501,1,5,May,2014,2,3,Thursday,0
2014-05-02 00:00:00.000000,20140502,2,5,May,2014,2,4,Friday,0
2014-05-03 00:00:00.000000,20140503,3,5,May,2014,2,5,Saturday,1
2014-05-04 00:00:00.000000,20140504,4,5,May,2014,2,6,Sunday,1
2014-05-05 00:00:00.000000,20140505,5,5,May,2014,2,0,Monday,0
2014-05-06 00:00:00.000000,20140506,6,5,May,2014,2,1,Tuesday,0
2014-05-07 00:00:00.000000,20140507,7,5,May,2014,2,2,Wednesday,0
2014-05-08 00:00:00.000000,20140508,8,5,May,2014,2,3,Thursday,0
2014-05-09 00:00:00.000000,20140509,9,5,May,2014,2,4,Friday,0
2014-05-10 00:00:00.000000,20140510,10,5,May,2014,2,5,Saturday,1
2014-05-11 00:00:00.000000,20140511,11,5,May,2014,2,6,Sunday,1
2014-05-12 00:00:00.000000,20140512,12,5,May,2014,2,0,Monday,0
2014-05-13 00:00:00.000000,20140513,13,5,May,2014,2,1,Tuesday,0
2014-05-14 00:00:00.000000,20140514,14,5,May,2014,2,2,Wednesday,0
2014-05-15 00:00:00.000000,20140515,15,5,May,2014,2,3,Thursday,0
2014-05-16 00:00:00.000000,20140516,16,5,May,2014,2,4,Friday,0
2014-05-17 00:00:00.000000,20140517,17,5,May,2014,2,5,Saturday,1
2014-05-18 00:00:00.000000,20140518,18,5,May,2014,2,6,Sunday,1
2014-05-19 00:00:00.000000,20140519,19,5,May,2014,2,0,Monday,0
2014-05-20 00:00:00.000000,20140520,20,5,May,2014,2,1,Tuesday,0
2014-05-21 00:00:00.000000,20140521,21,5,May,2014,2,2,Wednesday,0
2014-05-22 00:00:00.000000,20140522,22,5,May,2014,2,3,Thursday,0
2014-05-23 00:00:00.000000,20140523,23,5,May,2014,2,4,Friday,0
2014-05-24 00:00:00.000000,20140524,24,5,May,2014,2,5,Saturday,1
2014-05-25 00:00:00.000000,20140525,25,5,May,2014,2,6,Sunday,1
2014-05-26 00:00:00.000000,20140526,26,5,May,2014,2,0,Monday,0
2014-05-27 00:00:00.000000,20140527,27,5,May,2014,2,1,Tuesday,0
2014-05-28 00:00:00.000000,20140528,28,5,May,2014,2,2,Wednesday,0
2014-05-29 00:00:00.000000,20140529,29,5,May,2014,2,3,Thursday,0
2014-05-30 00:00:00.000000,20140530,30,5,May,2014,2,4,Friday,0
2014-05-31 00:00:00.000000,20140531,31,5,May,2014,2,5,Saturday,1
2014-06-01 00:00:00.000000,20140601,1,6,Jun,2014,2,6,Sunday,1
2014-06-02 00:00:00.000000,20140602,2,6,Jun,2014,2,0,Monday,0
2014-06-03 00:00:00.000000,20140603,3,6,Jun,2014,2,1,Tuesday,0
2014-06-04 00:00:00.000000,20140604,4,6,Jun,2014,2,2,Wednesday,0
2014-06-05 00:00:00.000000,20140605,5,6,Jun,2014,2,3,Thursday,0
2014-06-06 00:00:00.000000,20140606,6,6,Jun,2014,2,4,Friday,0
2014-06-07 00:00:00.000000,20140607,7,6,Jun,2014,2,5,Saturday,1
2014-06-08 00:00:00.000000,20140608,8,6,Jun,2014,2,6,Sunday,1
2014-06-09 00:00:00.000000,20140609,9,6,Jun,2014,2,0,Monday,0
2014-06-10 00:00:00.000000,20140610,10,6,Jun,2014,2,1,Tuesday,0
2014-06-11 00:00:00.000000,20140611,11,6,Jun,2014,2,2,Wednesday,0
2014-06-12 00:00:00.000000,20140612,12,6,Jun,2014,2,3,Thursday,0
2014-06-13 00:00:00.000000,20140613,13,6,Jun,2014,2,4,Friday,0
2014-06-14 00:00:00.000000,20140614,14,6,Jun,2014,2,5,Saturday,1
2014-06-15 00:00:00.000000,20140615,15,6,Jun,2014,2,6,Sunday,1
2014-06-16 00:00:00.000000,20140616,16,6,Jun,2014,2,0,Monday,0
2014-06-17 00:00:00.000000,20140617,17,6,Jun,2014,2,1,Tuesday,0
2014-06-18 00:00:00.000000,20140618,18,6,Jun,2014,2,2,Wednesday,0
2014-06-19 00:00:00.000000,20140619,19,6,Jun,2014,2,3,Thursday,0
2014-06-20 00:00:00.000000,20140620,20,6,Jun,2014,2,4,Friday,0
2014-06-21 00:00:00.000000,20140621,21,6,Jun,2014,2,5,Saturday,1
2014-06-22 00:00:00.000000,20140622,22,6,Jun,2014,2,6,Sunday,1
2014-06-23 00:00:00.000000,20140623,23,6,Jun,2014,2,0,Monday,0
2014-06-24 00:00:00.000000,20140624,24,6,Jun,2014,2,1,Tuesday,0
2014-06-25 00:00:00.000000,20140625,25,6,Jun,2014,2,2,Wednesday,0
2014-06-26 00:00:00.000000,20140626,26,6,Jun,2014,2,3,Thursday,0
2014-06-27 00:00:00.000000,20140627,27,6,Jun,2014,2,4,Friday,0
2014-06-28 00:00:00.000000,20140628,28,6,Jun,2014,2,5,Saturday,1
2014-06-29 00:00:00.000000,20140629,29,6,Jun,2014,2,6,Sunday,1
2014-06-30 00:00:00.000000,20140630,30,6,Jun,2014,2,0,Monday,0
2014-07-01 00:00:00.000000,20140701,1,7,Jul,2014,3,1,Tuesday,0
2014-07-02 00:00:00.000000,20140702,2,7,Jul,2014,3,2,Wednesday,0
2014-07-03 00:00:00.000000,20140703,3,7,Jul,2014,3,3,Thursday,0
2014-07-04 00:00:00.000000,20140704,4,7,Jul,2014,3,4,Friday,0
2014-07-05 00:00:00.000000,20140705,5,7,Jul,2014,3,5,Saturday,1
2014-07-06 00:00:00.000000,20140706,6,7,Jul,2014,3,6,Sunday,1
2014-07-07 00:00:00.000000,20140707,7,7,Jul,2014,3,0,Monday,0
2014-07-08 00:00:00.000000,20140708,8,7,Jul,2014,3,1,Tuesday,0
2014-07-09 00:00:00.000000,20140709,9,7,Jul,2014,3,2,Wednesday,0
2014-07-10 00:00:00.000000,20140710,10,7,Jul,2014,3,3,Thursday,0
2014-07-11 00:00:00.000000,20140711,11,7,Jul,2014,3,4,Friday,0
2014-07-12 00:00:00.000000,20140712,12,7,Jul,2014,3,5,Saturday,1
2014-07-13 00:00:00.000000,20140713,13,7,Jul,2014,3,6,Sunday,1
2014-07-14 00:00:00.000000,20140714,14,7,Jul,2014,3,0,Monday,0
2014-07-15 00:00:00.000000,20140715,15,7,Jul,2014,3,1,Tuesday,0
2014-07-16 00:00:00.000000,20140716,16,7,Jul,2014,3,2,Wednesday,0
2014-07-17 00:00:00.000000,20140717,17,7,Jul,2014,3,3,Thursday,0
2014-07-18 00:00:00.000000,20140718,18,7,Jul,2014,3,4,Friday,0
2014-07-19 00:00:00.000000,20140719,19,7,Jul,2014,3,5,Saturday,1
2014-07-20 00:00:00.000000,20140720,20,7,Jul,2014,3,6,Sunday,1
2014-07-21 00:00:00.000000,20140721,21,7,Jul,2014,3,0,Monday,0
2014-07-22 00:00:00.000000,20140722,22,7,Jul,2014,3,1,Tuesday,0
2014-07-23 00:00:00.000000,20140723,23,7,Jul,2014,3,2,Wednesday,0
2014-07-24 00:00:00.000000,20140724,24,7,Jul,2014,3,3,Thursday,0
2014-07-25 00:00:00.000000,20140725,25,7,Jul,2014,3,4,Friday,0
2014-07-26 00:00:00.000000,20140726,26,7,Jul,2014,3,5,Saturday,1
2014-07-27 00:00:00.000000,20140727,27,7,Jul,2014,3,6,Sunday,1
2014-07-28 00:00:00.000000,20140728,28,7,Jul,2014,3,0,Monday,0
2014-07-29 00:00:00.000000,20140729,29,7,Jul,2014,3,1,Tuesday,0
2014-07-30 00:00:00.000000,20140730,30,7,Jul,2014,3,2,Wednesday,0
2014-07-31 00:00:00.000000,20140731,31,7,Jul,2014,3,3,Thursday,0
2014-08-01 00:00:00.000000,20140801,1,8,Aug,2014,3,4,Friday,0
2014-08-02 00:00:00.000000,20140802,2,8,Aug,2014,3,5,Saturday,1
2014-08-03 00:00:00.000000,20140803,3,8,Aug,2014,3,6,Sunday,1
2014-08-04 00:00:00.000000,20140804,4,8,Aug,2014,3,0,Monday,0
2014-08-05 00:00:00.000000,20140805,5,8,Aug,2014,3,1,Tuesday,0
2014-08-06 00:00:00.000000,20140806,6,8,Aug,2014,3,2,Wednesday,0
2014-08-07 00:00:00.000000,20140807,7,8,Aug,2014,3,3,Thursday,0
2014-08-08 00:00:00.000000,20140808,8,8,Aug,2014,3,4,Friday,0
2014-08-09 00:00:00.000000,20140809,9,8,Aug,2014,3,5,Saturday,1
2014-08-10 00:00:00.000000,20140810,10,8,Aug,2014,3,6,Sunday,1
2014-08-11 00:00:00.000000,20140811,11,8,Aug,2014,3,0,Monday,0
2014-08-12 00:00:00.000000,20140812,12,8,Aug,2014,3,1,Tuesday,0
2014-08-13 00:00:00.000000,20140813,13,8,Aug,2014,3,2,Wednesday,0
2014-08-14 00:00:00.000000,20140814,14,8,Aug,2014,3,3,Thursday,0
2014-08-15 00:00:00.000000,20140815,15,8,Aug,2014,3,4,Friday,0
2014-08-16 00:00:00.000000,20140816,16,8,Aug,2014,3,5,Saturday,1
2014-08-17 00:00:00.000000,20140817,17,8,Aug,2014,3,6,Sunday,1
2014-08-18 00:00:00.000000,20140818,18,8,Aug,2014,3,0,Monday,0
2014-08-19 00:00:00.000000,20140819,19,8,Aug,2014,3,1,Tuesday,0
2014-08-20 00:00:00.000000,20140820,20,8,Aug,2014,3,2,Wednesday,0
2014-08-21 00:00:00.000000,20140821,21,8,Aug,2014,3,3,Thursday,0
2014-08-22 00:00:00.000000,20140822,22,8,Aug,2014,3,4,Friday,0
2014-08-23 00:00:00.000000,20140823,23,8,Aug,2014,3,5,Saturday,1
2014-08-24 00:00:00.000000,20140824,24,8,Aug,2014,3,6,Sunday,1
2014-08-25 00:00:00.000000,20140825,25,8,Aug,2014,3,0,Monday,0
2014-08-26 00:00:00.000000,20140826,26,8,Aug,2014,3,1,Tuesday,0
2014-08-27 00:00:00.000000,20140827,27,8,Aug,2014,3,2,Wednesday,0
2014-08-28 00:00:00.000000,20140828,28,8,Aug,2014,3,3,Thursday,0
2014-08-29 00:00:00.000000,20140829,29,8,Aug,2014,3,4,Friday,0
2014-08-30 00:00:00.000000,20140830,30,8,Aug,2014,3,5,Saturday,1
2014-08-31 00:00:00.000000,20140831,31,8,Aug,2014,3,6,Sunday,1
2014-09-01 00:00:00.000000,20140901,1,9,Sep,2014,3,0,Monday,0
2014-09-02 00:00:00.000000,20140902,2,9,Sep,2014,3,1,Tuesday,0
2014-09-03 00:00:00.000000,20140903,3,9,Sep,2014,3,2,Wednesday,0
2014-09-04 00:00:00.000000,20140904,4,9,Sep,2014,3,3,Thursday,0
2014-09-05 00:00:00.000000,20140905,5,9,Sep,2014,3,4,Friday,0
2014-09-06 00:00:00.000000,20140906,6,9,Sep,2014,3,5,Saturday,1
2014-09-07 00:00:00.000000,20140907,7,9,Sep,2014,3,6,Sunday,1
2014-09-08 00:00:00.000000,20140908,8,9,Sep,2014,3,0,Monday,0
2014-09-09 00:00:00.000000,20140909,9,9,Sep,2014,3,1,Tuesday,0
2014-09-10 00:00:00.000000,20140910,10,9,Sep,2014,3,2,Wednesday,0
2014-09-11 00:00:00.000000,20140911,11,9,Sep,2014,3,3,Thursday,0
2014-09-12 00:00:00.000000,20140912,12,9,Sep,2014,3,4,Friday,0
2014-09-13 00:00:00.000000,20140913,13,9,Sep,2014,3,5,Saturday,1
2014-09-14 00:00:00.000000,20140914,14,9,Sep,2014,3,6,Sunday,1
2014-09-15 00:00:00.000000,20140915,15,9,Sep,2014,3,0,Monday,0
2014-09-16 00:00:00.000000,20140916,16,9,Sep,2014,3,1,Tuesday,0
2014-09-17 00:00:00.000000,20140917,17,9,Sep,2014,3,2,Wednesday,0
2014-09-18 00:00:00.000000,20140918,18,9,Sep,2014,3,3,Thursday,0
2014-09-19 00:00:00.000000,20140919,19,9,Sep,2014,3,4,Friday,0
2014-09-20 00:00:00.000000,20140920,20,9,Sep,2014,3,5,Saturday,1
2014-09-21 00:00:00.000000,20140921,21,9,Sep,2014,3,6,Sunday,1
2014-09-22 00:00:00.000000,20140922,22,9,Sep,2014,3,0,Monday,0
2014-09-23 00:00:00.000000,20140923,23,9,Sep,2014,3,1,Tuesday,0
2014-09-24 00:00:00.000000,20140924,24,9,Sep,2014,3,2,Wednesday,0
2014-09-25 00:00:00.000000,20140925,25,9,Sep,2014,3,3,Thursday,0
2014-09-26 00:00:00.000000,20140926,26,9,Sep,2014,3,4,Friday,0
2014-09-27 00:00:00.000000,20140927,27,9,Sep,2014,3,5,Saturday,1
2014-09-28 00:00:00.000000,20140928,28,9,Sep,2014,3,6,Sunday,1
2014-09-29 00:00:00.000000,20140929,29,9,Sep,2014,3,0,Monday,0
2014-09-30 00:00:00.000000,20140930,30,9,Sep,2014,3,1,Tuesday,0
2014-10-01 00:00:00.000000,20141001,1,10,Oct,2014,4,2,Wednesday,0
2014-10-02 00:00:00.000000,20141002,2,10,Oct,2014,4,3,Thursday,0
2014-10-03 00:00:00.000000,20141003,3,10,Oct,2014,4,4,Friday,0
2014-10-04 00:00:00.000000,20141004,4,10,Oct,2014,4,5,Saturday,1
2014-10-05 00:00:00.000000,20141005,5,10,Oct,2014,4,6,Sunday,1
2014-10-06 00:00:00.000000,20141006,6,10,Oct,2014,4,0,Monday,0
2014-10-07 00:00:00.000000,20141007,7,10,Oct,2014,4,1,Tuesday,0
2014-10-08 00:00:00.000000,20141008,8,10,Oct,2014,4,2,Wednesday,0
2014-10-09 00:00:00.000000,20141009,9,10,Oct,2014,4,3,Thursday,0
2014-10-10 00:00:00.000000,20141010,10,10,Oct,2014,4,4,Friday,0
2014-10-11 00:00:00.000000,20141011,11,10,Oct,2014,4,5,Saturday,1
2014-10-12 00:00:00.000000,20141012,12,10,Oct,2014,4,6,Sunday,1
2014-10-13 00:00:00.000000,20141013,13,10,Oct,2014,4,0,Monday,0
2014-10-14 00:00:00.000000,20141014,14,10,Oct,2014,4,1,Tuesday,0
2014-10-15 00:00:00.000000,20141015,15,10,Oct,2014,4,2,Wednesday,0
2014-10-16 00:00:00.000000,20141016,16,10,Oct,2014,4,3,Thursday,0
2014-10-17 00:00:00.000000,20141017,17,10,Oct,2014,4,4,Friday,0
2014-10-18 00:00:00.000000,20141018,18,10,Oct,2014,4,5,Saturday,1
2014-10-19 00:00:00.000000,20141019,19,10,Oct,2014,4,6,Sunday,1
2014-10-20 00:00:00.000000,20141020,20,10,Oct,2014,4,0,Monday,0
2014-10-21 00:00:00.000000,20141021,21,10,Oct,2014,4,1,Tuesday,0
2014-10-22 00:00:00.000000,20141022,22,10,Oct,2014,4,2,Wednesday,0
2014-10-23 00:00:00.000000,20141023,23,10,Oct,2014,4,3,Thursday,0
2014-10-24 00:00:00.000000,20141024,24,10,Oct,2014,4,4,Friday,0
2014-10-25 00:00:00.000000,20141025,25,10,Oct,2014,4,5,Saturday,1
2014-10-26 00:00:00.000000,20141026,26,10,Oct,2014,4,6,Sunday,1
2014-10-27 00:00:00.000000,20141027,27,10,Oct,2014,4,0,Monday,0
2014-10-28 00:00:00.000000,20141028,28,10,Oct,2014,4,1,Tuesday,0
2014-10-29 00:00:00.000000,20141029,29,10,Oct,2014,4,2,Wednesday,0
2014-10-30 00:00:00.000000,20141030,30,10,Oct,2014,4,3,Thursday,0
2014-10-31 00:00:00.000000,20141031,31,10,Oct,2014,4,4,Friday,0
2014-11-01 00:00:00.000000,20141101,1,11,Nov,2014,4,5,Saturday,1
2014-11-02 00:00:00.000000,20141102,2,11,Nov,2014,4,6,Sunday,1
2014-11-03 00:00:00.000000,20141103,3,11,Nov,2014,4,0,Monday,0
2014-11-04 00:00:00.000000,20141104,4,11,Nov,2014,4,1,Tuesday,0
2014-11-05 00:00:00.000000,20141105,5,11,Nov,2014,4,2,Wednesday,0
2014-11-06 00:00:00.000000,20141106,6,11,Nov,2014,4,3,Thursday,0
2014-11-07 00:00:00.000000,20141107,7,11,Nov,2014,4,4,Friday,0
2014-11-08 00:00:00.000000,20141108,8,11,Nov,2014,4,5,Saturday,1
2014-11-09 00:00:00.000000,20141109,9,11,Nov,2014,4,6,Sunday,1
2014-11-10 00:00:00.000000,20141110,10,11,Nov,2014,4,0,Monday,0
2014-11-11 00:00:00.000000,20141111,11,11,Nov,2014,4,1,Tuesday,0
2014-11-12 00:00:00.000000,20141112,12,11,Nov,2014,4,2,Wednesday,0
2014-11-13 00:00:00.000000,20141113,13,11,Nov,2014,4,3,Thursday,0
2014-11-14 00:00:00.000000,20141114,14,11,Nov,2014,4,4,Friday,0
2014-11-15 00:00:00.000000,20141115,15,11,Nov,2014,4,5,Saturday,1
2014-11-16 00:00:00.000000,20141116,16,11,Nov,2014,4,6,Sunday,1
2014-11-17 00:00:00.000000,20141117,17,11,Nov,2014,4,0,Monday,0
2014-11-18 00:00:00.000000,20141118,18,11,Nov,2014,4,1,Tuesday,0
2014-11-19 00:00:00.000000,20141119,19,11,Nov,2014,4,2,Wednesday,0
2014-11-20 00:00:00.000000,20141120,20,11,Nov,2014,4,3,Thursday,0
2014-11-21 00:00:00.000000,20141121,21,11,Nov,2014,4,4,Friday,0
2014-11-22 00:00:00.000000,20141122,22,11,Nov,2014,4,5,Saturday,1
2014-11-23 00:00:00.000000,20141123,23,11,Nov,2014,4,6,Sunday,1
2014-11-24 00:00:00.000000,20141124,24,11,Nov,2014,4,0,Monday,0
2014-11-25 00:00:00.000000,20141125,25,11,Nov,2014,4,1,Tuesday,0
2014-11-26 00:00:00.000000,20141126,26,11,Nov,2014,4,2,Wednesday,0
2014-11-27 00:00:00.000000,20141127,27,11,Nov,2014,4,3,Thursday,0
2014-11-28 00:00:00.000000,20141128,28,11,Nov,2014,4,4,Friday,0
2014-11-29 00:00:00.000000,20141129,29,11,Nov,2014,4,5,Saturday,1
2014-11-30 00:00:00.000000,20141130,30,11,Nov,2014,4,6,Sunday,1
2014-12-01 00:00:00.000000,20141201,1,12,Dec,2014,4,0,Monday,0
2014-12-02 00:00:00.000000,20141202,2,12,Dec,2014,4,1,Tuesday,0
2014-12-03 00:00:00.000000,20141203,3,12,Dec,2014,4,2,Wednesday,0
2014-12-04 00:00:00.000000,20141204,4,12,Dec,2014,4,3,Thursday,0
2014-12-05 00:00:00.000000,20141205,5,12,Dec,2014,4,4,Friday,0
2014-12-06 00:00:00.000000,20141206,6,12,Dec,2014,4,5,Saturday,1
2014-12-07 00:00:00.000000,20141207,7,12,Dec,2014,4,6,Sunday,1
2014-12-08 00:00:00.000000,20141208,8,12,Dec,2014,4,0,Monday,0
2014-12-09 00:00:00.000000,20141209,9,12,Dec,2014,4,1,Tuesday,0
2014-12-10 00:00:00.000000,20141210,10,12,Dec,2014,4,2,Wednesday,0
2014-12-11 00:00:00.000000,20141211,11,12,Dec,2014,4,3,Thursday,0
2014-12-12 00:00:00.000000,20141212,12,12,Dec,2014,4,4,Friday,0
2014-12-13 00:00:00.000000,20141213,13,12,Dec,2014,4,5,Saturday,1
2014-12-14 00:00:00.000000,20141214,14,12,Dec,2014,4,6,Sunday,1
2014-12-15 00:00:00.000000,20141215,15,12,Dec,2014,4,0,Monday,0
2014-12-16 00:00:00.000000,20141216,16,12,Dec,2014,4,1,Tuesday,0
2014-12-17 00:00:00.000000,20141217,17,12,Dec,2014,4,2,Wednesday,0
2014-12-18 00:00:00.000000,20141218,18,12,Dec,2014,4,3,Thursday,0
2014-12-19 00:00:00.000000,20141219,19,12,Dec,2014,4,4,Friday,0
2014-12-20 00:00:00.000000,20141220,20,12,Dec,2014,4,5,Saturday,1
2014-12-21 00:00:00.000000,20141221,21,12,Dec,2014,4,6,Sunday,1
2014-12-22 00:00:00.000000,20141222,22,12,Dec,2014,4,0,Monday,0
2014-12-23 00:00:00.000000,20141223,23,12,Dec,2014,4,1,Tuesday,0
2014-12-24 00:00:00.000000,20141224,24,12,Dec,2014,4,2,Wednesday,0
2014-12-25 00:00:00.000000,20141225,25,12,Dec,2014,4,3,Thursday,0
2014-12-26 00:00:00.000000,20141226,26,12,Dec,2014,4,4,Friday,0
2014-12-27 00:00:00.000000,20141227,27,12,Dec,2014,4,5,Saturday,1
2014-12-28 00:00:00.000000,20141228,28,12,Dec,2014,4,6,Sunday,1
2014-12-29 00:00:00.000000,20141229,29,12,Dec,2014,4,0,Monday,0
2014-12-30 00:00:00.000000,20141230,30,12,Dec,2014,4,1,Tuesday,0
2014-12-31 00:00:00.000000,20141231,31,12,Dec,2014,4,2,Wednesday,0
2015-01-01 00:00:00.000000,20150101,1,1,Jan,2015,1,3,Thursday,0
2015-01-02 00:00:00.000000,20150102,2,1,Jan,2015,1,4,Friday,0
2015-01-03 00:00:00.000000,20150103,3,1,Jan,2015,1,5,Saturday,1
2015-01-04 00:00:00.000000,20150104,4,1,Jan,2015,1,6,Sunday,1
2015-01-05 00:00:00.000000,20150105,5,1,Jan,2015,1,0,Monday,0
2015-01-06 00:00:00.000000,20150106,6,1,Jan,2015,1,1,Tuesday,0
2015-01-07 00:00:00.000000,20150107,7,1,Jan,2015,1,2,Wednesday,0
2015-01-08 00:00:00.000000,20150108,8,1,Jan,2015,1,3,Thursday,0
2015-01-09 00:00:00.000000,20150109,9,1,Jan,2015,1,4,Friday,0
2015-01-10 00:00:00.000000,20150110,10,1,Jan,2015,1,5,Saturday,1
2015-01-11 00:00:00.000000,20150111,11,1,Jan,2015,1,6,Sunday,1
2015-01-12 00:00:00.000000,20150112,12,1,Jan,2015,1,0,Monday,0
2015-01-13 00:00:00.000000,20150113,13,1,Jan,2015,1,1,Tuesday,0
2015-01-14 00:00:00.000000,20150114,14,1,Jan,2015,1,2,Wednesday,0
2015-01-15 00:00:00.000000,20150115,15,1,Jan,2015,1,3,Thursday,0
2015-01-16 00:00:00.000000,20150116,16,1,Jan,2015,1,4,Friday,0
2015-01-17 00:00:00.000000,20150117,17,1,Jan,2015,1,5,Saturday,1
2015-01-18 00:00:00.000000,20150118,18,1,Jan,2015,1,6,Sunday,1
2015-01-19 00:00:00.000000,20150119,19,1,Jan,2015,1,0,Monday,0
2015-01-20 00:00:00.000000,20150120,20,1,Jan,2015,1,1,Tuesday,0
2015-01-21 00:00:00.000000,20150121,21,1,Jan,2015,1,2,Wednesday,0
2015-01-22 00:00:00.000000,20150122,22,1,Jan,2015,1,3,Thursday,0
2015-01-23 00:00:00.000000,20150123,23,1,Jan,2015,1,4,Friday,0
2015-01-24 00:00:00.000000,20150124,24,1,Jan,2015,1,5,Saturday,1
2015-01-25 00:00:00.000000,20150125,25,1,Jan,2015,1,6,Sunday,1
2015-01-26 00:00:00.000000,20150126,26,1,Jan,2015,1,0,Monday,0
2015-01-27 00:00:00.000000,20150127,27,1,Jan,2015,1,1,Tuesday,0
2015-01-28 00:00:00.000000,20150128,28,1,Jan,2015,1,2,Wednesday,0
2015-01-29 00:00:00.000000,20150129,29,1,Jan,2015,1,3,Thursday,0
2015-01-30 00:00:00.000000,20150130,30,1,Jan,2015,1,4,Friday,0
2015-01-31 00:00:00.000000,20150131,31,1,Jan,2015,1,5,Saturday,1
2015-02-01 00:00:00.000000,20150201,1,2,Feb,2015,1,6,Sunday,1
2015-02-02 00:00:00.000000,20150202,2,2,Feb,2015,1,0,Monday,0
2015-02-03 00:00:00.000000,20150203,3,2,Feb,2015,1,1,Tuesday,0
2015-02-04 00:00:00.000000,20150204,4,2,Feb,2015,1,2,Wednesday,0
2015-02-05 00:00:00.000000,20150205,5,2,Feb,2015,1,3,Thursday,0
2015-02-06 00:00:00.000000,20150206,6,2,Feb,2015,1,4,Friday,0
2015-02-07 00:00:00.000000,20150207,7,2,Feb,2015,1,5,Saturday,1
2015-02-08 00:00:00.000000,20150208,8,2,Feb,2015,1,6,Sunday,1
2015-02-09 00:00:00.000000,20150209,9,2,Feb,2015,1,0,Monday,0
2015-02-10 00:00:00.000000,20150210,10,2,Feb,2015,1,1,Tuesday,0
2015-02-11 00:00:00.000000,20150211,11,2,Feb,2015,1,2,Wednesday,0
2015-02-12 00:00:00.000000,20150212,12,2,Feb,2015,1,3,Thursday,0
2015-02-13 00:00:00.000000,20150213,13,2,Feb,2015,1,4,Friday,0
2015-02-14 00:00:00.000000,20150214,14,2,Feb,2015,1,5,Saturday,1
2015-02-15 00:00:00.000000,20150215,15,2,Feb,2015,1,6,Sunday,1
2015-02-16 00:00:00.000000,20150216,16,2,Feb,2015,1,0,Monday,0
2015-02-17 00:00:00.000000,20150217,17,2,Feb,2015,1,1,Tuesday,0
2015-02-18 00:00:00.000000,20150218,18,2,Feb,2015,1,2,Wednesday,0
2015-02-19 00:00:00.000000,20150219,19,2,Feb,2015,1,3,Thursday,0
2015-02-20 00:00:00.000000,20150220,20,2,Feb,2015,1,4,Friday,0
2015-02-21 00:00:00.000000,20150221,21,2,Feb,2015,1,5,Saturday,1
2015-02-22 00:00:00.000000,20150222,22,2,Feb,2015,1,6,Sunday,1
2015-02-23 00:00:00.000000,20150223,23,2,Feb,2015,1,0,Monday,0
2015-02-24 00:00:00.000000,20150224,24,2,Feb,2015,1,1,Tuesday,0
2015-02-25 00:00:00.000000,20150225,25,2,Feb,2015,1,2,Wednesday,0
2015-02-26 00:00:00.000000,20150226,26,2,Feb,2015,1,3,Thursday,0
2015-02-27 00:00:00.000000,20150227,27,2,Feb,2015,1,4,Friday,0
2015-02-28 00:00:00.000000,20150228,28,2,Feb,2015,1,5,Saturday,1
2015-03-01 00:00:00.000000,20150301,1,3,Mar,2015,1,6,Sunday,1
2015-03-02 00:00:00.000000,20150302,2,3,Mar,2015,1,0,Monday,0
2015-03-03 00:00:00.000000,20150303,3,3,Mar,2015,1,1,Tuesday,0
2015-03-04 00:00:00.000000,20150304,4,3,Mar,2015,1,2,Wednesday,0
2015-03-05 00:00:00.000000,20150305,5,3,Mar,2015,1,3,Thursday,0
2015-03-06 00:00:00.000000,20150306,6,3,Mar,2015,1,4,Friday,0
2015-03-07 00:00:00.000000,20150307,7,3,Mar,2015,1,5,Saturday,1
2015-03-08 00:00:00.000000,20150308,8,3,Mar,2015,1,6,Sunday,1
2015-03-09 00:00:00.000000,20150309,9,3,Mar,2015,1,0,Monday,0
2015-03-10 00:00:00.000000,20150310,10,3,Mar,2015,1,1,Tuesday,0
2015-03-11 00:00:00.000000,20150311,11,3,Mar,2015,1,2,Wednesday,0
2015-03-12 00:00:00.000000,20150312,12,3,Mar,2015,1,3,Thursday,0
2015-03-13 00:00:00.000000,20150313,13,3,Mar,2015,1,4,Friday,0
2015-03-14 00:00:00.000000,20150314,14,3,Mar,2015,1,5,Saturday,1
2015-03-15 00:00:00.000000,20150315,15,3,Mar,2015,1,6,Sunday,1
2015-03-16 00:00:00.000000,20150316,16,3,Mar,2015,1,0,Monday,0
2015-03-17 00:00:00.000000,20150317,17,3,Mar,2015,1,1,Tuesday,0
2015-03-18 00:00:00.000000,20150318,18,3,Mar,2015,1,2,Wednesday,0
2015-03-19 00:00:00.000000,20150319,19,3,Mar,2015,1,3,Thursday,0
2015-03-20 00:00:00.000000,20150320,20,3,Mar,2015,1,4,Friday,0
2015-03-21 00:00:00.000000,20150321,21,3,Mar,2015,1,5,Saturday,1
2015-03-22 00:00:00.000000,20150322,22,3,Mar,2015,1,6,Sunday,1
2015-03-23 00:00:00.000000,20150323,23,3,Mar,2015,1,0,Monday,0
2015-03-24 00:00:00.000000,20150324,24,3,Mar,2015,1,1,Tuesday,0
2015-03-25 00:00:00.000000,20150325,25,3,Mar,2015,1,2,Wednesday,0
2015-03-26 00:00:00.000000,20150326,26,3,Mar,2015,1,3,Thursday,0
2015-03-27 00:00:00.000000,20150327,27,3,Mar,2015,1,4,Friday,0
2015-03-28 00:00:00.000000,20150328,28,3,Mar,2015,1,5,Saturday,1
2015-03-29 00:00:00.000000,20150329,29,3,Mar,2015,1,6,Sunday,1
2015-03-30 00:00:00.000000,20150330,30,3,Mar,2015,1,0,Monday,0
2015-03-31 00:00:00.000000,20150331,31,3,Mar,2015,1,1,Tuesday,0
2015-04-01 00:00:00.000000,20150401,1,4,Apr,2015,2,2,Wednesday,0
2015-04-02 00:00:00.000000,20150402,2,4,Apr,2015,2,3,Thursday,0
2015-04-03 00:00:00.000000,20150403,3,4,Apr,2015,2,4,Friday,0
2015-04-04 00:00:00.000000,20150404,4,4,Apr,2015,2,5,Saturday,1
2015-04-05 00:00:00.000000,20150405,5,4,Apr,2015,2,6,Sunday,1
2015-04-06 00:00:00.000000,20150406,6,4,Apr,2015,2,0,Monday,0
2015-04-07 00:00:00.000000,20150407,7,4,Apr,2015,2,1,Tuesday,0
2015-04-08 00:00:00.000000,20150408,8,4,Apr,2015,2,2,Wednesday,0
2015-04-09 00:00:00.000000,20150409,9,4,Apr,2015,2,3,Thursday,0
2015-04-10 00:00:00.000000,20150410,10,4,Apr,2015,2,4,Friday,0
2015-04-11 00:00:00.000000,20150411,11,4,Apr,2015,2,5,Saturday,1
2015-04-12 00:00:00.000000,20150412,12,4,Apr,2015,2,6,Sunday,1
2015-04-13 00:00:00.000000,20150413,13,4,Apr,2015,2,0,Monday,0
2015-04-14 00:00:00.000000,20150414,14,4,Apr,2015,2,1,Tuesday,0
2015-04-15 00:00:00.000000,20150415,15,4,Apr,2015,2,2,Wednesday,0
2015-04-16 00:00:00.000000,20150416,16,4,Apr,2015,2,3,Thursday,0
2015-04-17 00:00:00.000000,20150417,17,4,Apr,2015,2,4,Friday,0
2015-04-18 00:00:00.000000,20150418,18,4,Apr,2015,2,5,Saturday,1
2015-04-19 00:00:00.000000,20150419,19,4,Apr,2015,2,6,Sunday,1
2015-04-20 00:00:00.000000,20150420,20,4,Apr,2015,2,0,Monday,0
2015-04-21 00:00:00.000000,20150421,21,4,Apr,2015,2,1,Tuesday,0
2015-04-22 00:00:00.000000,20150422,22,4,Apr,2015,2,2,Wednesday,0
2015-04-23 00:00:00.000000,20150423,23,4,Apr,2015,2,3,Thursday,0
2015-04-24 00:00:00.000000,20150424,24,4,Apr,2015,2,4,Friday,0
2015-04-25 00:00:00.000000,20150425,25,4,Apr,2015,2,5,Saturday,1
2015-04-26 00:00:00.000000,20150426,26,4,Apr,2015,2,6,Sunday,1
2015-04-27 00:00:00.000000,20150427,27,4,Apr,2015,2,0,Monday,0
2015-04-28 00:00:00.000000,20150428,28,4,Apr,2015,2,1,Tuesday,0
2015-04-29 00:00:00.000000,20150429,29,4,Apr,2015,2,2,Wednesday,0
2015-04-30 00:00:00.000000,20150430,30,4,Apr,2015,2,3,Thursday,0
2015-05-01 00:00:00.000000,20150501,1,5,May,2015,2,4,Friday,0
2015-05-02 00:00:00.000000,20150502,2,5,May,2015,2,5,Saturday,1
2015-05-03 00:00:00.000000,20150503,3,5,May,2015,2,6,Sunday,1
2015-05-04 00:00:00.000000,20150504,4,5,May,2015,2,0,Monday,0
2015-05-05 00:00:00.000000,20150505,5,5,May,2015,2,1,Tuesday,0
2015-05-06 00:00:00.000000,20150506,6,5,May,2015,2,2,Wednesday,0
2015-05-07 00:00:00.000000,20150507,7,5,May,2015,2,3,Thursday,0
2015-05-08 00:00:00.000000,20150508,8,5,May,2015,2,4,Friday,0
2015-05-09 00:00:00.000000,20150509,9,5,May,2015,2,5,Saturday,1
2015-05-10 00:00:00.000000,20150510,10,5,May,2015,2,6,Sunday,1
2015-05-11 00:00:00.000000,20150511,11,5,May,2015,2,0,Monday,0
2015-05-12 00:00:00.000000,20150512,12,5,May,2015,2,1,Tuesday,0
2015-05-13 00:00:00.000000,20150513,13,5,May,2015,2,2,Wednesday,0
2015-05-14 00:00:00.000000,20150514,14,5,May,2015,2,3,Thursday,0
2015-05-15 00:00:00.000000,20150515,15,5,May,2015,2,4,Friday,0
2015-05-16 00:00:00.000000,20150516,16,5,May,2015,2,5,Saturday,1
2015-05-17 00:00:00.000000,20150517,17,5,May,2015,2,6,Sunday,1
2015-05-18 00:00:00.000000,20150518,18,5,May,2015,2,0,Monday,0
2015-05-19 00:00:00.000000,20150519,19,5,May,2015,2,1,Tuesday,0
2015-05-20 00:00:00.000000,20150520,20,5,May,2015,2,2,Wednesday,0
2015-05-21 00:00:00.000000,20150521,21,5,May,2015,2,3,Thursday,0
2015-05-22 00:00:00.000000,20150522,22,5,May,2015,2,4,Friday,0
2015-05-23 00:00:00.000000,20150523,23,5,May,2015,2,5,Saturday,1
2015-05-24 00:00:00.000000,20150524,24,5,May,2015,2,6,Sunday,1
2015-05-25 00:00:00.000000,20150525,25,5,May,2015,2,0,Monday,0
2015-05-26 00:00:00.000000,20150526,26,5,May,2015,2,1,Tuesday,0
2015-05-27 00:00:00.000000,20150527,27,5,May,2015,2,2,Wednesday,0
2015-05-28 00:00:00.000000,20150528,28,5,May,2015,2,3,Thursday,0
2015-05-29 00:00:00.000000,20150529,29,5,May,2015,2,4,Friday,0
2015-05-30 00:00:00.000000,20150530,30,5,May,2015,2,5,Saturday,1
2015-05-31 00:00:00.000000,20150531,31,5,May,2015,2,6,Sunday,1
2015-06-01 00:00:00.000000,20150601,1,6,Jun,2015,2,0,Monday,0
2015-06-02 00:00:00.000000,20150602,2,6,Jun,2015,2,1,Tuesday,0
2015-06-03 00:00:00.000000,20150603,3,6,Jun,2015,2,2,Wednesday,0
2015-06-04 00:00:00.000000,20150604,4,6,Jun,2015,2,3,Thursday,0
2015-06-05 00:00:00.000000,20150605,5,6,Jun,2015,2,4,Friday,0
2015-06-06 00:00:00.000000,20150606,6,6,Jun,2015,2,5,Saturday,1
2015-06-07 00:00:00.000000,20150607,7,6,Jun,2015,2,6,Sunday,1
2015-06-08 00:00:00.000000,20150608,8,6,Jun,2015,2,0,Monday,0
2015-06-09 00:00:00.000000,20150609,9,6,Jun,2015,2,1,Tuesday,0
2015-06-10 00:00:00.000000,20150610,10,6,Jun,2015,2,2,Wednesday,0
2015-06-11 00:00:00.000000,20150611,11,6,Jun,2015,2,3,Thursday,0
2015-06-12 00:00:00.000000,20150612,12,6,Jun,2015,2,4,Friday,0
2015-06-13 00:00:00.000000,20150613,13,6,Jun,2015,2,5,Saturday,1
2015-06-14 00:00:00.000000,20150614,14,6,Jun,2015,2,6,Sunday,1
2015-06-15 00:00:00.000000,20150615,15,6,Jun,2015,2,0,Monday,0
2015-06-16 00:00:00.000000,20150616,16,6,Jun,2015,2,1,Tuesday,0
2015-06-17 00:00:00.000000,20150617,17,6,Jun,2015,2,2,Wednesday,0
2015-06-18 00:00:00.000000,20150618,18,6,Jun,2015,2,3,Thursday,0
2015-06-19 00:00:00.000000,20150619,19,6,Jun,2015,2,4,Friday,0
2015-06-20 00:00:00.000000,20150620,20,6,Jun,2015,2,5,Saturday,1
2015-06-21 00:00:00.000000,20150621,21,6,Jun,2015,2,6,Sunday,1
2015-06-22 00:00:00.000000,20150622,22,6,Jun,2015,2,0,Monday,0
2015-06-23 00:00:00.000000,20150623,23,6,Jun,2015,2,1,Tuesday,0
2015-06-24 00:00:00.000000,20150624,24,6,Jun,2015,2,2,Wednesday,0
2015-06-25 00:00:00.000000,20150625,25,6,Jun,2015,2,3,Thursday,0
2015-06-26 00:00:00.000000,20150626,26,6,Jun,2015,2,4,Friday,0
2015-06-27 00:00:00.000000,20150627,27,6,Jun,2015,2,5,Saturday,1
2015-06-28 00:00:00.000000,20150628,28,6,Jun,2015,2,6,Sunday,1
2015-06-29 00:00:00.000000,20150629,29,6,Jun,2015,2,0,Monday,0
2015-06-30 00:00:00.000000,20150630,30,6,Jun,2015,2,1,Tuesday,0
2015-07-01 00:00:00.000000,20150701,1,7,Jul,2015,3,2,Wednesday,0
2015-07-02 00:00:00.000000,20150702,2,7,Jul,2015,3,3,Thursday,0
2015-07-03 00:00:00.000000,20150703,3,7,Jul,2015,3,4,Friday,0
2015-07-04 00:00:00.000000,20150704,4,7,Jul,2015,3,5,Saturday,1
2015-07-05 00:00:00.000000,20150705,5,7,Jul,2015,3,6,Sunday,1
2015-07-06 00:00:00.000000,20150706,6,7,Jul,2015,3,0,Monday,0
2015-07-07 00:00:00.000000,20150707,7,7,Jul,2015,3,1,Tuesday,0
2015-07-08 00:00:00.000000,20150708,8,7,Jul,2015,3,2,Wednesday,0
2015-07-09 00:00:00.000000,20150709,9,7,Jul,2015,3,3,Thursday,0
2015-07-10 00:00:00.000000,20150710,10,7,Jul,2015,3,4,Friday,0
2015-07-11 00:00:00.000000,20150711,11,7,Jul,2015,3,5,Saturday,1
2015-07-12 00:00:00.000000,20150712,12,7,Jul,2015,3,6,Sunday,1
2015-07-13 00:00:00.000000,20150713,13,7,Jul,2015,3,0,Monday,0
2015-07-14 00:00:00.000000,20150714,14,7,Jul,2015,3,1,Tuesday,0
2015-07-15 00:00:00.000000,20150715,15,7,Jul,2015,3,2,Wednesday,0
2015-07-16 00:00:00.000000,20150716,16,7,Jul,2015,3,3,Thursday,0
2015-07-17 00:00:00.000000,20150717,17,7,Jul,2015,3,4,Friday,0
2015-07-18 00:00:00.000000,20150718,18,7,Jul,2015,3,5,Saturday,1
2015-07-19 00:00:00.000000,20150719,19,7,Jul,2015,3,6,Sunday,1
2015-07-20 00:00:00.000000,20150720,20,7,Jul,2015,3,0,Monday,0
2015-07-21 00:00:00.000000,20150721,21,7,Jul,2015,3,1,Tuesday,0
2015-07-22 00:00:00.000000,20150722,22,7,Jul,2015,3,2,Wednesday,0
2015-07-23 00:00:00.000000,20150723,23,7,Jul,2015,3,3,Thursday,0
2015-07-24 00:00:00.000000,20150724,24,7,Jul,2015,3,4,Friday,0
2015-07-25 00:00:00.000000,20150725,25,7,Jul,2015,3,5,Saturday,1
2015-07-26 00:00:00.000000,20150726,26,7,Jul,2015,3,6,Sunday,1
2015-07-27 00:00:00.000000,20150727,27,7,Jul,2015,3,0,Monday,0
2015-07-28 00:00:00.000000,20150728,28,7,Jul,2015,3,1,Tuesday,0
2015-07-29 00:00:00.000000,20150729,29,7,Jul,2015,3,2,Wednesday,0
2015-07-30 00:00:00.000000,20150730,30,7,Jul,2015,3,3,Thursday,0
2015-07-31 00:00:00.000000,20150731,31,7,Jul,2015,3,4,Friday,0
2015-08-01 00:00:00.000000,20150801,1,8,Aug,2015,3,5,Saturday,1
2015-08-02 00:00:00.000000,20150802,2,8,Aug,2015,3,6,Sunday,1
2015-08-03 00:00:00.000000,20150803,3,8,Aug,2015,3,0,Monday,0
2015-08-04 00:00:00.000000,20150804,4,8,Aug,2015,3,1,Tuesday,0
2015-08-05 00:00:00.000000,20150805,5,8,Aug,2015,3,2,Wednesday,0
2015-08-06 00:00:00.000000,20150806,6,8,Aug,2015,3,3,Thursday,0
2015-08-07 00:00:00.000000,20150807,7,8,Aug,2015,3,4,Friday,0
2015-08-08 00:00:00.000000,20150808,8,8,Aug,2015,3,5,Saturday,1
2015-08-09 00:00:00.000000,20150809,9,8,Aug,2015,3,6,Sunday,1
2015-08-10 00:00:00.000000,20150810,10,8,Aug,2015,3,0,Monday,0
2015-08-11 00:00:00.000000,20150811,11,8,Aug,2015,3,1,Tuesday,0
2015-08-12 00:00:00.000000,20150812,12,8,Aug,2015,3,2,Wednesday,0
2015-08-13 00:00:00.000000,20150813,13,8,Aug,2015,3,3,Thursday,0
2015-08-14 00:00:00.000000,20150814,14,8,Aug,2015,3,4,Friday,0
2015-08-15 00:00:00.000000,20150815,15,8,Aug,2015,3,5,Saturday,1
2015-08-16 00:00:00.000000,20150816,16,8,Aug,2015,3,6,Sunday,1
2015-08-17 00:00:00.000000,20150817,17,8,Aug,2015,3,0,Monday,0
2015-08-18 00:00:00.000000,20150818,18,8,Aug,2015,3,1,Tuesday,0
2015-08-19 00:00:00.000000,20150819,19,8,Aug,2015,3,2,Wednesday,0
2015-08-20 00:00:00.000000,20150820,20,8,Aug,2015,3,3,Thursday,0
2015-08-21 00:00:00.000000,20150821,21,8,Aug,2015,3,4,Friday,0
2015-08-22 00:00:00.000000,20150822,22,8,Aug,2015,3,5,Saturday,1
2015-08-23 00:00:00.000000,20150823,23,8,Aug,2015,3,6,Sunday,1
2015-08-24 00:00:00.000000,20150824,24,8,Aug,2015,3,0,Monday,0
2015-08-25 00:00:00.000000,20150825,25,8,Aug,2015,3,1,Tuesday,0
2015-08-26 00:00:00.000000,20150826,26,8,Aug,2015,3,2,Wednesday,0
2015-08-27 00:00:00.000000,20150827,27,8,Aug,2015,3,3,Thursday,0
2015-08-28 00:00:00.000000,20150828,28,8,Aug,2015,3,4,Friday,0
2015-08-29 00:00:00.000000,20150829,29,8,Aug,2015,3,5,Saturday,1
2015-08-30 00:00:00.000000,20150830,30,8,Aug,2015,3,6,Sunday,1
2015-08-31 00:00:00.000000,20150831,31,8,Aug,2015,3,0,Monday,0
2015-09-01 00:00:00.000000,20150901,1,9,Sep,2015,3,1,Tuesday,0
2015-09-02 00:00:00.000000,20150902,2,9,Sep,2015,3,2,Wednesday,0
2015-09-03 00:00:00.000000,20150903,3,9,Sep,2015,3,3,Thursday,0
2015-09-04 00:00:00.000000,20150904,4,9,Sep,2015,3,4,Friday,0
2015-09-05 00:00:00.000000,20150905,5,9,Sep,2015,3,5,Saturday,1
2015-09-06 00:00:00.000000,20150906,6,9,Sep,2015,3,6,Sunday,1
2015-09-07 00:00:00.000000,20150907,7,9,Sep,2015,3,0,Monday,0
2015-09-08 00:00:00.000000,20150908,8,9,Sep,2015,3,1,Tuesday,0
2015-09-09 00:00:00.000000,20150909,9,9,Sep,2015,3,2,Wednesday,0
2015-09-10 00:00:00.000000,20150910,10,9,Sep,2015,3,3,Thursday,0
2015-09-11 00:00:00.000000,20150911,11,9,Sep,2015,3,4,Friday,0
2015-09-12 00:00:00.000000,20150912,12,9,Sep,2015,3,5,Saturday,1
2015-09-13 00:00:00.000000,20150913,13,9,Sep,2015,3,6,Sunday,1
2015-09-14 00:00:00.000000,20150914,14,9,Sep,2015,3,0,Monday,0
2015-09-15 00:00:00.000000,20150915,15,9,Sep,2015,3,1,Tuesday,0
2015-09-16 00:00:00.000000,20150916,16,9,Sep,2015,3,2,Wednesday,0
2015-09-17 00:00:00.000000,20150917,17,9,Sep,2015,3,3,Thursday,0
2015-09-18 00:00:00.000000,20150918,18,9,Sep,2015,3,4,Friday,0
2015-09-19 00:00:00.000000,20150919,19,9,Sep,2015,3,5,Saturday,1
2015-09-20 00:00:00.000000,20150920,20,9,Sep,2015,3,6,Sunday,1
2015-09-21 00:00:00.000000,20150921,21,9,Sep,2015,3,0,Monday,0
2015-09-22 00:00:00.000000,20150922,22,9,Sep,2015,3,1,Tuesday,0
2015-09-23 00:00:00.000000,20150923,23,9,Sep,2015,3,2,Wednesday,0
2015-09-24 00:00:00.000000,20150924,24,9,Sep,2015,3,3,Thursday,0
2015-09-25 00:00:00.000000,20150925,25,9,Sep,2015,3,4,Friday,0
2015-09-26 00:00:00.000000,20150926,26,9,Sep,2015,3,5,Saturday,1
2015-09-27 00:00:00.000000,20150927,27,9,Sep,2015,3,6,Sunday,1
2015-09-28 00:00:00.000000,20150928,28,9,Sep,2015,3,0,Monday,0
2015-09-29 00:00:00.000000,20150929,29,9,Sep,2015,3,1,Tuesday,0
2015-09-30 00:00:00.000000,20150930,30,9,Sep,2015,3,2,Wednesday,0
2015-10-01 00:00:00.000000,20151001,1,10,Oct,2015,4,3,Thursday,0
2015-10-02 00:00:00.000000,20151002,2,10,Oct,2015,4,4,Friday,0
2015-10-03 00:00:00.000000,20151003,3,10,Oct,2015,4,5,Saturday,1
2015-10-04 00:00:00.000000,20151004,4,10,Oct,2015,4,6,Sunday,1
2015-10-05 00:00:00.000000,20151005,5,10,Oct,2015,4,0,Monday,0
2015-10-06 00:00:00.000000,20151006,6,10,Oct,2015,4,1,Tuesday,0
2015-10-07 00:00:00.000000,20151007,7,10,Oct,2015,4,2,Wednesday,0
2015-10-08 00:00:00.000000,20151008,8,10,Oct,2015,4,3,Thursday,0
2015-10-09 00:00:00.000000,20151009,9,10,Oct,2015,4,4,Friday,0
2015-10-10 00:00:00.000000,20151010,10,10,Oct,2015,4,5,Saturday,1
2015-10-11 00:00:00.000000,20151011,11,10,Oct,2015,4,6,Sunday,1
2015-10-12 00:00:00.000000,20151012,12,10,Oct,2015,4,0,Monday,0
2015-10-13 00:00:00.000000,20151013,13,10,Oct,2015,4,1,Tuesday,0
2015-10-14 00:00:00.000000,20151014,14,10,Oct,2015,4,2,Wednesday,0
2015-10-15 00:00:00.000000,20151015,15,10,Oct,2015,4,3,Thursday,0
2015-10-16 00:00:00.000000,20151016,16,10,Oct,2015,4,4,Friday,0
2015-10-17 00:00:00.000000,20151017,17,10,Oct,2015,4,5,Saturday,1
2015-10-18 00:00:00.000000,20151018,18,10,Oct,2015,4,6,Sunday,1
2015-10-19 00:00:00.000000,20151019,19,10,Oct,2015,4,0,Monday,0
2015-10-20 00:00:00.000000,20151020,20,10,Oct,2015,4,1,Tuesday,0
2015-10-21 00:00:00.000000,20151021,21,10,Oct,2015,4,2,Wednesday,0
2015-10-22 00:00:00.000000,20151022,22,10,Oct,2015,4,3,Thursday,0
2015-10-23 00:00:00.000000,20151023,23,10,Oct,2015,4,4,Friday,0
2015-10-24 00:00:00.000000,20151024,24,10,Oct,2015,4,5,Saturday,1
2015-10-25 00:00:00.000000,20151025,25,10,Oct,2015,4,6,Sunday,1
2015-10-26 00:00:00.000000,20151026,26,10,Oct,2015,4,0,Monday,0
2015-10-27 00:00:00.000000,20151027,27,10,Oct,2015,4,1,Tuesday,0
2015-10-28 00:00:00.000000,20151028,28,10,Oct,2015,4,2,Wednesday,0
2015-10-29 00:00:00.000000,20151029,29,10,Oct,2015,4,3,Thursday,0
2015-10-30 00:00:00.000000,20151030,30,10,Oct,2015,4,4,Friday,0
2015-10-31 00:00:00.000000,20151031,31,10,Oct,2015,4,5,Saturday,1
2015-11-01 00:00:00.000000,20151101,1,11,Nov,2015,4,6,Sunday,1
2015-11-02 00:00:00.000000,20151102,2,11,Nov,2015,4,0,Monday,0
2015-11-03 00:00:00.000000,20151103,3,11,Nov,2015,4,1,Tuesday,0
2015-11-04 00:00:00.000000,20151104,4,11,Nov,2015,4,2,Wednesday,0
2015-11-05 00:00:00.000000,20151105,5,11,Nov,2015,4,3,Thursday,0
2015-11-06 00:00:00.000000,20151106,6,11,Nov,2015,4,4,Friday,0
2015-11-07 00:00:00.000000,20151107,7,11,Nov,2015,4,5,Saturday,1
2015-11-08 00:00:00.000000,20151108,8,11,Nov,2015,4,6,Sunday,1
2015-11-09 00:00:00.000000,20151109,9,11,Nov,2015,4,0,Monday,0
2015-11-10 00:00:00.000000,20151110,10,11,Nov,2015,4,1,Tuesday,0
2015-11-11 00:00:00.000000,20151111,11,11,Nov,2015,4,2,Wednesday,0
2015-11-12 00:00:00.000000,20151112,12,11,Nov,2015,4,3,Thursday,0
2015-11-13 00:00:00.000000,20151113,13,11,Nov,2015,4,4,Friday,0
2015-11-14 00:00:00.000000,20151114,14,11,Nov,2015,4,5,Saturday,1
2015-11-15 00:00:00.000000,20151115,15,11,Nov,2015,4,6,Sunday,1
2015-11-16 00:00:00.000000,20151116,16,11,Nov,2015,4,0,Monday,0
2015-11-17 00:00:00.000000,20151117,17,11,Nov,2015,4,1,Tuesday,0
2015-11-18 00:00:00.000000,20151118,18,11,Nov,2015,4,2,Wednesday,0
2015-11-19 00:00:00.000000,20151119,19,11,Nov,2015,4,3,Thursday,0
2015-11-20 00:00:00.000000,20151120,20,11,Nov,2015,4,4,Friday,0
2015-11-21 00:00:00.000000,20151121,21,11,Nov,2015,4,5,Saturday,1
2015-11-22 00:00:00.000000,20151122,22,11,Nov,2015,4,6,Sunday,1
2015-11-23 00:00:00.000000,20151123,23,11,Nov,2015,4,0,Monday,0
2015-11-24 00:00:00.000000,20151124,24,11,Nov,2015,4,1,Tuesday,0
2015-11-25 00:00:00.000000,20151125,25,11,Nov,2015,4,2,Wednesday,0
2015-11-26 00:00:00.000000,20151126,26,11,Nov,2015,4,3,Thursday,0
2015-11-27 00:00:00.000000,20151127,27,11,Nov,2015,4,4,Friday,0
2015-11-28 00:00:00.000000,20151128,28,11,Nov,2015,4,5,Saturday,1
2015-11-29 00:00:00.000000,20151129,29,11,Nov,2015,4,6,Sunday,1
2015-11-30 00:00:00.000000,20151130,30,11,Nov,2015,4,0,Monday,0
2015-12-01 00:00:00.000000,20151201,1,12,Dec,2015,4,1,Tuesday,0
2015-12-02 00:00:00.000000,20151202,2,12,Dec,2015,4,2,Wednesday,0
2015-12-03 00:00:00.000000,20151203,3,12,Dec,2015,4,3,Thursday,0
2015-12-04 00:00:00.000000,20151204,4,12,Dec,2015,4,4,Friday,0
2015-12-05 00:00:00.000000,20151205,5,12,Dec,2015,4,5,Saturday,1
2015-12-06 00:00:00.000000,20151206,6,12,Dec,2015,4,6,Sunday,1
2015-12-07 00:00:00.000000,20151207,7,12,Dec,2015,4,0,Monday,0
2015-12-08 00:00:00.000000,20151208,8,12,Dec,2015,4,1,Tuesday,0
2015-12-09 00:00:00.000000,20151209,9,12,Dec,2015,4,2,Wednesday,0
2015-12-10 00:00:00.000000,20151210,10,12,Dec,2015,4,3,Thursday,0
2015-12-11 00:00:00.000000,20151211,11,12,Dec,2015,4,4,Friday,0
2015-12-12 00:00:00.000000,20151212,12,12,Dec,2015,4,5,Saturday,1
2015-12-13 00:00:00.000000,20151213,13,12,Dec,2015,4,6,Sunday,1
2015-12-14 00:00:00.000000,20151214,14,12,Dec,2015,4,0,Monday,0
2015-12-15 00:00:00.000000,20151215,15,12,Dec,2015,4,1,Tuesday,0
2015-12-16 00:00:00.000000,20151216,16,12,Dec,2015,4,2,Wednesday,0
2015-12-17 00:00:00.000000,20151217,17,12,Dec,2015,4,3,Thursday,0
2015-12-18 00:00:00.000000,20151218,18,12,Dec,2015,4,4,Friday,0
2015-12-19 00:00:00.000000,20151219,19,12,Dec,2015,4,5,Saturday,1
2015-12-20 00:00:00.000000,20151220,20,12,Dec,2015,4,6,Sunday,1
2015-12-21 00:00:00.000000,20151221,21,12,Dec,2015,4,0,Monday,0
2015-12-22 00:00:00.000000,20151222,22,12,Dec,2015,4,1,Tuesday,0
2015-12-23 00:00:00.000000,20151223,23,12,Dec,2015,4,2,Wednesday,0
2015-12-24 00:00:00.000000,20151224,24,12,Dec,2015,4,3,Thursday,0
2015-12-25 00:00:00.000000,20151225,25,12,Dec,2015,4,4,Friday,0
2015-12-26 00:00:00.000000,20151226,26,12,Dec,2015,4,5,Saturday,1
2015-12-27 00:00:00.000000,20151227,27,12,Dec,2015,4,6,Sunday,1
2015-12-28 00:00:00.000000,20151228,28,12,Dec,2015,4,0,Monday,0
2015-12-29 00:00:00.000000,20151229,29,12,Dec,2015,4,1,Tuesday,0
2015-12-30 00:00:00.000000,20151230,30,12,Dec,2015,4,2,Wednesday,0
2015-12-31 00:00:00.000000,20151231,31,12,Dec,2015,4,3,Thursday,0
2016-01-01 00:00:00.000000,20160101,1,1,Jan,2016,1,4,Friday,0
2016-01-02 00:00:00.000000,20160102,2,1,Jan,2016,1,5,Saturday,1
2016-01-03 00:00:00.000000,20160103,3,1,Jan,2016,1,6,Sunday,1
2016-01-04 00:00:00.000000,20160104,4,1,Jan,2016,1,0,Monday,0
2016-01-05 00:00:00.000000,20160105,5,1,Jan,2016,1,1,Tuesday,0
2016-01-06 00:00:00.000000,20160106,6,1,Jan,2016,1,2,Wednesday,0
2016-01-07 00:00:00.000000,20160107,7,1,Jan,2016,1,3,Thursday,0
2016-01-08 00:00:00.000000,20160108,8,1,Jan,2016,1,4,Friday,0
2016-01-09 00:00:00.000000,20160109,9,1,Jan,2016,1,5,Saturday,1
2016-01-10 00:00:00.000000,20160110,10,1,Jan,2016,1,6,Sunday,1
2016-01-11 00:00:00.000000,20160111,11,1,Jan,2016,1,0,Monday,0
2016-01-12 00:00:00.000000,20160112,12,1,Jan,2016,1,1,Tuesday,0
2016-01-13 00:00:00.000000,20160113,13,1,Jan,2016,1,2,Wednesday,0
2016-01-14 00:00:00.000000,20160114,14,1,Jan,2016,1,3,Thursday,0
2016-01-15 00:00:00.000000,20160115,15,1,Jan,2016,1,4,Friday,0
2016-01-16 00:00:00.000000,20160116,16,1,Jan,2016,1,5,Saturday,1
2016-01-17 00:00:00.000000,20160117,17,1,Jan,2016,1,6,Sunday,1
2016-01-18 00:00:00.000000,20160118,18,1,Jan,2016,1,0,Monday,0
2016-01-19 00:00:00.000000,20160119,19,1,Jan,2016,1,1,Tuesday,0
2016-01-20 00:00:00.000000,20160120,20,1,Jan,2016,1,2,Wednesday,0
2016-01-21 00:00:00.000000,20160121,21,1,Jan,2016,1,3,Thursday,0
2016-01-22 00:00:00.000000,20160122,22,1,Jan,2016,1,4,Friday,0
2016-01-23 00:00:00.000000,20160123,23,1,Jan,2016,1,5,Saturday,1
2016-01-24 00:00:00.000000,20160124,24,1,Jan,2016,1,6,Sunday,1
2016-01-25 00:00:00.000000,20160125,25,1,Jan,2016,1,0,Monday,0
2016-01-26 00:00:00.000000,20160126,26,1,Jan,2016,1,1,Tuesday,0
2016-01-27 00:00:00.000000,20160127,27,1,Jan,2016,1,2,Wednesday,0
2016-01-28 00:00:00.000000,20160128,28,1,Jan,2016,1,3,Thursday,0
2016-01-29 00:00:00.000000,20160129,29,1,Jan,2016,1,4,Friday,0
2016-01-30 00:00:00.000000,20160130,30,1,Jan,2016,1,5,Saturday,1
2016-01-31 00:00:00.000000,20160131,31,1,Jan,2016,1,6,Sunday,1
2016-02-01 00:00:00.000000,20160201,1,2,Feb,2016,1,0,Monday,0
2016-02-02 00:00:00.000000,20160202,2,2,Feb,2016,1,1,Tuesday,0
2016-02-03 00:00:00.000000,20160203,3,2,Feb,2016,1,2,Wednesday,0
2016-02-04 00:00:00.000000,20160204,4,2,Feb,2016,1,3,Thursday,0
2016-02-05 00:00:00.000000,20160205,5,2,Feb,2016,1,4,Friday,0
2016-02-06 00:00:00.000000,20160206,6,2,Feb,2016,1,5,Saturday,1
2016-02-07 00:00:00.000000,20160207,7,2,Feb,2016,1,6,Sunday,1
2016-02-08 00:00:00.000000,20160208,8,2,Feb,2016,1,0,Monday,0
2016-02-09 00:00:00.000000,20160209,9,2,Feb,2016,1,1,Tuesday,0
2016-02-10 00:00:00.000000,20160210,10,2,Feb,2016,1,2,Wednesday,0
2016-02-11 00:00:00.000000,20160211,11,2,Feb,2016,1,3,Thursday,0
2016-02-12 00:00:00.000000,20160212,12,2,Feb,2016,1,4,Friday,0
2016-02-13 00:00:00.000000,20160213,13,2,Feb,2016,1,5,Saturday,1
2016-02-14 00:00:00.000000,20160214,14,2,Feb,2016,1,6,Sunday,1
2016-02-15 00:00:00.000000,20160215,15,2,Feb,2016,1,0,Monday,0
2016-02-16 00:00:00.000000,20160216,16,2,Feb,2016,1,1,Tuesday,0
2016-02-17 00:00:00.000000,20160217,17,2,Feb,2016,1,2,Wednesday,0
2016-02-18 00:00:00.000000,20160218,18,2,Feb,2016,1,3,Thursday,0
2016-02-19 00:00:00.000000,20160219,19,2,Feb,2016,1,4,Friday,0
2016-02-20 00:00:00.000000,20160220,20,2,Feb,2016,1,5,Saturday,1
2016-02-21 00:00:00.000000,20160221,21,2,Feb,2016,1,6,Sunday,1
2016-02-22 00:00:00.000000,20160222,22,2,Feb,2016,1,0,Monday,0
2016-02-23 00:00:00.000000,20160223,23,2,Feb,2016,1,1,Tuesday,0
2016-02-24 00:00:00.000000,20160224,24,2,Feb,2016,1,2,Wednesday,0
2016-02-25 00:00:00.000000,20160225,25,2,Feb,2016,1,3,Thursday,0
2016-02-26 00:00:00.000000,20160226,26,2,Feb,2016,1,4,Friday,0
2016-02-27 00:00:00.000000,20160227,27,2,Feb,2016,1,5,Saturday,1
2016-02-28 00:00:00.000000,20160228,28,2,Feb,2016,1,6,Sunday,1
2016-02-29 00:00:00.000000,20160229,29,2,Feb,2016,1,0,Monday,0
2016-03-01 00:00:00.000000,20160301,1,3,Mar,2016,1,1,Tuesday,0
2016-03-02 00:00:00.000000,20160302,2,3,Mar,2016,1,2,Wednesday,0
2016-03-03 00:00:00.000000,20160303,3,3,Mar,2016,1,3,Thursday,0
2016-03-04 00:00:00.000000,20160304,4,3,Mar,2016,1,4,Friday,0
2016-03-05 00:00:00.000000,20160305,5,3,Mar,2016,1,5,Saturday,1
2016-03-06 00:00:00.000000,20160306,6,3,Mar,2016,1,6,Sunday,1
2016-03-07 00:00:00.000000,20160307,7,3,Mar,2016,1,0,Monday,0
2016-03-08 00:00:00.000000,20160308,8,3,Mar,2016,1,1,Tuesday,0
2016-03-09 00:00:00.000000,20160309,9,3,Mar,2016,1,2,Wednesday,0
2016-03-10 00:00:00.000000,20160310,10,3,Mar,2016,1,3,Thursday,0
2016-03-11 00:00:00.000000,20160311,11,3,Mar,2016,1,4,Friday,0
2016-03-12 00:00:00.000000,20160312,12,3,Mar,2016,1,5,Saturday,1
2016-03-13 00:00:00.000000,20160313,13,3,Mar,2016,1,6,Sunday,1
2016-03-14 00:00:00.000000,20160314,14,3,Mar,2016,1,0,Monday,0
2016-03-15 00:00:00.000000,20160315,15,3,Mar,2016,1,1,Tuesday,0
2016-03-16 00:00:00.000000,20160316,16,3,Mar,2016,1,2,Wednesday,0
2016-03-17 00:00:00.000000,20160317,17,3,Mar,2016,1,3,Thursday,0
2016-03-18 00:00:00.000000,20160318,18,3,Mar,2016,1,4,Friday,0
2016-03-19 00:00:00.000000,20160319,19,3,Mar,2016,1,5,Saturday,1
2016-03-20 00:00:00.000000,20160320,20,3,Mar,2016,1,6,Sunday,1
2016-03-21 00:00:00.000000,20160321,21,3,Mar,2016,1,0,Monday,0
2016-03-22 00:00:00.000000,20160322,22,3,Mar,2016,1,1,Tuesday,0
2016-03-23 00:00:00.000000,20160323,23,3,Mar,2016,1,2,Wednesday,0
2016-03-24 00:00:00.000000,20160324,24,3,Mar,2016,1,3,Thursday,0
2016-03-25 00:00:00.000000,20160325,25,3,Mar,2016,1,4,Friday,0
2016-03-26 00:00:00.000000,20160326,26,3,Mar,2016,1,5,Saturday,1
2016-03-27 00:00:00.000000,20160327,27,3,Mar,2016,1,6,Sunday,1
2016-03-28 00:00:00.000000,20160328,28,3,Mar,2016,1,0,Monday,0
2016-03-29 00:00:00.000000,20160329,29,3,Mar,2016,1,1,Tuesday,0
2016-03-30 00:00:00.000000,20160330,30,3,Mar,2016,1,2,Wednesday,0
2016-03-31 00:00:00.000000,20160331,31,3,Mar,2016,1,3,Thursday,0
2016-04-01 00:00:00.000000,20160401,1,4,Apr,2016,2,4,Friday,0
2016-04-02 00:00:00.000000,20160402,2,4,Apr,2016,2,5,Saturday,1
2016-04-03 00:00:00.000000,20160403,3,4,Apr,2016,2,6,Sunday,1
2016-04-04 00:00:00.000000,20160404,4,4,Apr,2016,2,0,Monday,0
2016-04-05 00:00:00.000000,20160405,5,4,Apr,2016,2,1,Tuesday,0
2016-04-06 00:00:00.000000,20160406,6,4,Apr,2016,2,2,Wednesday,0
2016-04-07 00:00:00.000000,20160407,7,4,Apr,2016,2,3,Thursday,0
2016-04-08 00:00:00.000000,20160408,8,4,Apr,2016,2,4,Friday,0
2016-04-09 00:00:00.000000,20160409,9,4,Apr,2016,2,5,Saturday,1
2016-04-10 00:00:00.000000,20160410,10,4,Apr,2016,2,6,Sunday,1
2016-04-11 00:00:00.000000,20160411,11,4,Apr,2016,2,0,Monday,0
2016-04-12 00:00:00.000000,20160412,12,4,Apr,2016,2,1,Tuesday,0
2016-04-13 00:00:00.000000,20160413,13,4,Apr,2016,2,2,Wednesday,0
2016-04-14 00:00:00.000000,20160414,14,4,Apr,2016,2,3,Thursday,0
2016-04-15 00:00:00.000000,20160415,15,4,Apr,2016,2,4,Friday,0
2016-04-16 00:00:00.000000,20160416,16,4,Apr,2016,2,5,Saturday,1
2016-04-17 00:00:00.000000,20160417,17,4,Apr,2016,2,6,Sunday,1
2016-04-18 00:00:00.000000,20160418,18,4,Apr,2016,2,0,Monday,0
2016-04-19 00:00:00.000000,20160419,19,4,Apr,2016,2,1,Tuesday,0
2016-04-20 00:00:00.000000,20160420,20,4,Apr,2016,2,2,Wednesday,0
2016-04-21 00:00:00.000000,20160421,21,4,Apr,2016,2,3,Thursday,0
2016-04-22 00:00:00.000000,20160422,22,4,Apr,2016,2,4,Friday,0
2016-04-23 00:00:00.000000,20160423,23,4,Apr,2016,2,5,Saturday,1
2016-04-24 00:00:00.000000,20160424,24,4,Apr,2016,2,6,Sunday,1
2016-04-25 00:00:00.000000,20160425,25,4,Apr,2016,2,0,Monday,0
2016-04-26 00:00:00.000000,20160426,26,4,Apr,2016,2,1,Tuesday,0
2016-04-27 00:00:00.000000,20160427,27,4,Apr,2016,2,2,Wednesday,0
2016-04-28 00:00:00.000000,20160428,28,4,Apr,2016,2,3,Thursday,0
2016-04-29 00:00:00.000000,20160429,29,4,Apr,2016,2,4,Friday,0
2016-04-30 00:00:00.000000,20160430,30,4,Apr,2016,2,5,Saturday,1
2016-05-01 00:00:00.000000,20160501,1,5,May,2016,2,6,Sunday,1
2016-05-02 00:00:00.000000,20160502,2,5,May,2016,2,0,Monday,0
2016-05-03 00:00:00.000000,20160503,3,5,May,2016,2,1,Tuesday,0
2016-05-04 00:00:00.000000,20160504,4,5,May,2016,2,2,Wednesday,0
2016-05-05 00:00:00.000000,20160505,5,5,May,2016,2,3,Thursday,0
2016-05-06 00:00:00.000000,20160506,6,5,May,2016,2,4,Friday,0
2016-05-07 00:00:00.000000,20160507,7,5,May,2016,2,5,Saturday,1
2016-05-08 00:00:00.000000,20160508,8,5,May,2016,2,6,Sunday,1
2016-05-09 00:00:00.000000,20160509,9,5,May,2016,2,0,Monday,0
2016-05-10 00:00:00.000000,20160510,10,5,May,2016,2,1,Tuesday,0
2016-05-11 00:00:00.000000,20160511,11,5,May,2016,2,2,Wednesday,0
2016-05-12 00:00:00.000000,20160512,12,5,May,2016,2,3,Thursday,0
2016-05-13 00:00:00.000000,20160513,13,5,May,2016,2,4,Friday,0
2016-05-14 00:00:00.000000,20160514,14,5,May,2016,2,5,Saturday,1
2016-05-15 00:00:00.000000,20160515,15,5,May,2016,2,6,Sunday,1
2016-05-16 00:00:00.000000,20160516,16,5,May,2016,2,0,Monday,0
2016-05-17 00:00:00.000000,20160517,17,5,May,2016,2,1,Tuesday,0
2016-05-18 00:00:00.000000,20160518,18,5,May,2016,2,2,Wednesday,0
2016-05-19 00:00:00.000000,20160519,19,5,May,2016,2,3,Thursday,0
2016-05-20 00:00:00.000000,20160520,20,5,May,2016,2,4,Friday,0
2016-05-21 00:00:00.000000,20160521,21,5,May,2016,2,5,Saturday,1
2016-05-22 00:00:00.000000,20160522,22,5,May,2016,2,6,Sunday,1
2016-05-23 00:00:00.000000,20160523,23,5,May,2016,2,0,Monday,0
2016-05-24 00:00:00.000000,20160524,24,5,May,2016,2,1,Tuesday,0
2016-05-25 00:00:00.000000,20160525,25,5,May,2016,2,2,Wednesday,0
2016-05-26 00:00:00.000000,20160526,26,5,May,2016,2,3,Thursday,0
2016-05-27 00:00:00.000000,20160527,27,5,May,2016,2,4,Friday,0
2016-05-28 00:00:00.000000,20160528,28,5,May,2016,2,5,Saturday,1
2016-05-29 00:00:00.000000,20160529,29,5,May,2016,2,6,Sunday,1
2016-05-30 00:00:00.000000,20160530,30,5,May,2016,2,0,Monday,0
2016-05-31 00:00:00.000000,20160531,31,5,May,2016,2,1,Tuesday,0
2016-06-01 00:00:00.000000,20160601,1,6,Jun,2016,2,2,Wednesday,0
2016-06-02 00:00:00.000000,20160602,2,6,Jun,2016,2,3,Thursday,0
2016-06-03 00:00:00.000000,20160603,3,6,Jun,2016,2,4,Friday,0
2016-06-04 00:00:00.000000,20160604,4,6,Jun,2016,2,5,Saturday,1
2016-06-05 00:00:00.000000,20160605,5,6,Jun,2016,2,6,Sunday,1
2016-06-06 00:00:00.000000,20160606,6,6,Jun,2016,2,0,Monday,0
2016-06-07 00:00:00.000000,20160607,7,6,Jun,2016,2,1,Tuesday,0
2016-06-08 00:00:00.000000,20160608,8,6,Jun,2016,2,2,Wednesday,0
2016-06-09 00:00:00.000000,20160609,9,6,Jun,2016,2,3,Thursday,0
2016-06-10 00:00:00.000000,20160610,10,6,Jun,2016,2,4,Friday,0
2016-06-11 00:00:00.000000,20160611,11,6,Jun,2016,2,5,Saturday,1
2016-06-12 00:00:00.000000,20160612,12,6,Jun,2016,2,6,Sunday,1
2016-06-13 00:00:00.000000,20160613,13,6,Jun,2016,2,0,Monday,0
2016-06-14 00:00:00.000000,20160614,14,6,Jun,2016,2,1,Tuesday,0
2016-06-15 00:00:00.000000,20160615,15,6,Jun,2016,2,2,Wednesday,0
2016-06-16 00:00:00.000000,20160616,16,6,Jun,2016,2,3,Thursday,0
2016-06-17 00:00:00.000000,20160617,17,6,Jun,2016,2,4,Friday,0
2016-06-18 00:00:00.000000,20160618,18,6,Jun,2016,2,5,Saturday,1
2016-06-19 00:00:00.000000,20160619,19,6,Jun,2016,2,6,Sunday,1
2016-06-20 00:00:00.000000,20160620,20,6,Jun,2016,2,0,Monday,0
2016-06-21 00:00:00.000000,20160621,21,6,Jun,2016,2,1,Tuesday,0
2016-06-22 00:00:00.000000,20160622,22,6,Jun,2016,2,2,Wednesday,0
2016-06-23 00:00:00.000000,20160623,23,6,Jun,2016,2,3,Thursday,0
2016-06-24 00:00:00.000000,20160624,24,6,Jun,2016,2,4,Friday,0
2016-06-25 00:00:00.000000,20160625,25,6,Jun,2016,2,5,Saturday,1
2016-06-26 00:00:00.000000,20160626,26,6,Jun,2016,2,6,Sunday,1
2016-06-27 00:00:00.000000,20160627,27,6,Jun,2016,2,0,Monday,0
2016-06-28 00:00:00.000000,20160628,28,6,Jun,2016,2,1,Tuesday,0
2016-06-29 00:00:00.000000,20160629,29,6,Jun,2016,2,2,Wednesday,0
2016-06-30 00:00:00.000000,20160630,30,6,Jun,2016,2,3,Thursday,0
2016-07-01 00:00:00.000000,20160701,1,7,Jul,2016,3,4,Friday,0
2016-07-02 00:00:00.000000,20160702,2,7,Jul,2016,3,5,Saturday,1
2016-07-03 00:00:00.000000,20160703,3,7,Jul,2016,3,6,Sunday,1
2016-07-04 00:00:00.000000,20160704,4,7,Jul,2016,3,0,Monday,0
2016-07-05 00:00:00.000000,20160705,5,7,Jul,2016,3,1,Tuesday,0
2016-07-06 00:00:00.000000,20160706,6,7,Jul,2016,3,2,Wednesday,0
2016-07-07 00:00:00.000000,20160707,7,7,Jul,2016,3,3,Thursday,0
2016-07-08 00:00:00.000000,20160708,8,7,Jul,2016,3,4,Friday,0
2016-07-09 00:00:00.000000,20160709,9,7,Jul,2016,3,5,Saturday,1
2016-07-10 00:00:00.000000,20160710,10,7,Jul,2016,3,6,Sunday,1
2016-07-11 00:00:00.000000,20160711,11,7,Jul,2016,3,0,Monday,0
2016-07-12 00:00:00.000000,20160712,12,7,Jul,2016,3,1,Tuesday,0
2016-07-13 00:00:00.000000,20160713,13,7,Jul,2016,3,2,Wednesday,0
2016-07-14 00:00:00.000000,20160714,14,7,Jul,2016,3,3,Thursday,0
2016-07-15 00:00:00.000000,20160715,15,7,Jul,2016,3,4,Friday,0
2016-07-16 00:00:00.000000,20160716,16,7,Jul,2016,3,5,Saturday,1
2016-07-17 00:00:00.000000,20160717,17,7,Jul,2016,3,6,Sunday,1
2016-07-18 00:00:00.000000,20160718,18,7,Jul,2016,3,0,Monday,0
2016-07-19 00:00:00.000000,20160719,19,7,Jul,2016,3,1,Tuesday,0
2016-07-20 00:00:00.000000,20160720,20,7,Jul,2016,3,2,Wednesday,0
2016-07-21 00:00:00.000000,20160721,21,7,Jul,2016,3,3,Thursday,0
2016-07-22 00:00:00.000000,20160722,22,7,Jul,2016,3,4,Friday,0
2016-07-23 00:00:00.000000,20160723,23,7,Jul,2016,3,5,Saturday,1
2016-07-24 00:00:00.000000,20160724,24,7,Jul,2016,3,6,Sunday,1
2016-07-25 00:00:00.000000,20160725,25,7,Jul,2016,3,0,Monday,0
2016-07-26 00:00:00.000000,20160726,26,7,Jul,2016,3,1,Tuesday,0
2016-07-27 00:00:00.000000,20160727,27,7,Jul,2016,3,2,Wednesday,0
2016-07-28 00:00:00.000000,20160728,28,7,Jul,2016,3,3,Thursday,0
2016-07-29 00:00:00.000000,20160729,29,7,Jul,2016,3,4,Friday,0
2016-07-30 00:00:00.000000,20160730,30,7,Jul,2016,3,5,Saturday,1
2016-07-31 00:00:00.000000,20160731,31,7,Jul,2016,3,6,Sunday,1
2016-08-01 00:00:00.000000,20160801,1,8,Aug,2016,3,0,Monday,0
2016-08-02 00:00:00.000000,20160802,2,8,Aug,2016,3,1,Tuesday,0
2016-08-03 00:00:00.000000,20160803,3,8,Aug,2016,3,2,Wednesday,0
2016-08-04 00:00:00.000000,20160804,4,8,Aug,2016,3,3,Thursday,0
2016-08-05 00:00:00.000000,20160805,5,8,Aug,2016,3,4,Friday,0
2016-08-06 00:00:00.000000,20160806,6,8,Aug,2016,3,5,Saturday,1
2016-08-07 00:00:00.000000,20160807,7,8,Aug,2016,3,6,Sunday,1
2016-08-08 00:00:00.000000,20160808,8,8,Aug,2016,3,0,Monday,0
2016-08-09 00:00:00.000000,20160809,9,8,Aug,2016,3,1,Tuesday,0
2016-08-10 00:00:00.000000,20160810,10,8,Aug,2016,3,2,Wednesday,0
2016-08-11 00:00:00.000000,20160811,11,8,Aug,2016,3,3,Thursday,0
2016-08-12 00:00:00.000000,20160812,12,8,Aug,2016,3,4,Friday,0
2016-08-13 00:00:00.000000,20160813,13,8,Aug,2016,3,5,Saturday,1
2016-08-14 00:00:00.000000,20160814,14,8,Aug,2016,3,6,Sunday,1
2016-08-15 00:00:00.000000,20160815,15,8,Aug,2016,3,0,Monday,0
2016-08-16 00:00:00.000000,20160816,16,8,Aug,2016,3,1,Tuesday,0
2016-08-17 00:00:00.000000,20160817,17,8,Aug,2016,3,2,Wednesday,0
2016-08-18 00:00:00.000000,20160818,18,8,Aug,2016,3,3,Thursday,0
2016-08-19 00:00:00.000000,20160819,19,8,Aug,2016,3,4,Friday,0
2016-08-20 00:00:00.000000,20160820,20,8,Aug,2016,3,5,Saturday,1
2016-08-21 00:00:00.000000,20160821,21,8,Aug,2016,3,6,Sunday,1
2016-08-22 00:00:00.000000,20160822,22,8,Aug,2016,3,0,Monday,0
2016-08-23 00:00:00.000000,20160823,23,8,Aug,2016,3,1,Tuesday,0
2016-08-24 00:00:00.000000,20160824,24,8,Aug,2016,3,2,Wednesday,0
2016-08-25 00:00:00.000000,20160825,25,8,Aug,2016,3,3,Thursday,0
2016-08-26 00:00:00.000000,20160826,26,8,Aug,2016,3,4,Friday,0
2016-08-27 00:00:00.000000,20160827,27,8,Aug,2016,3,5,Saturday,1
2016-08-28 00:00:00.000000,20160828,28,8,Aug,2016,3,6,Sunday,1
2016-08-29 00:00:00.000000,20160829,29,8,Aug,2016,3,0,Monday,0
2016-08-30 00:00:00.000000,20160830,30,8,Aug,2016,3,1,Tuesday,0
2016-08-31 00:00:00.000000,20160831,31,8,Aug,2016,3,2,Wednesday,0
2016-09-01 00:00:00.000000,20160901,1,9,Sep,2016,3,3,Thursday,0
2016-09-02 00:00:00.000000,20160902,2,9,Sep,2016,3,4,Friday,0
2016-09-03 00:00:00.000000,20160903,3,9,Sep,2016,3,5,Saturday,1
2016-09-04 00:00:00.000000,20160904,4,9,Sep,2016,3,6,Sunday,1
2016-09-05 00:00:00.000000,20160905,5,9,Sep,2016,3,0,Monday,0
2016-09-06 00:00:00.000000,20160906,6,9,Sep,2016,3,1,Tuesday,0
2016-09-07 00:00:00.000000,20160907,7,9,Sep,2016,3,2,Wednesday,0
2016-09-08 00:00:00.000000,20160908,8,9,Sep,2016,3,3,Thursday,0
2016-09-09 00:00:00.000000,20160909,9,9,Sep,2016,3,4,Friday,0
2016-09-10 00:00:00.000000,20160910,10,9,Sep,2016,3,5,Saturday,1
2016-09-11 00:00:00.000000,20160911,11,9,Sep,2016,3,6,Sunday,1
2016-09-12 00:00:00.000000,20160912,12,9,Sep,2016,3,0,Monday,0
2016-09-13 00:00:00.000000,20160913,13,9,Sep,2016,3,1,Tuesday,0
2016-09-14 00:00:00.000000,20160914,14,9,Sep,2016,3,2,Wednesday,0
2016-09-15 00:00:00.000000,20160915,15,9,Sep,2016,3,3,Thursday,0
2016-09-16 00:00:00.000000,20160916,16,9,Sep,2016,3,4,Friday,0
2016-09-17 00:00:00.000000,20160917,17,9,Sep,2016,3,5,Saturday,1
2016-09-18 00:00:00.000000,20160918,18,9,Sep,2016,3,6,Sunday,1
2016-09-19 00:00:00.000000,20160919,19,9,Sep,2016,3,0,Monday,0
2016-09-20 00:00:00.000000,20160920,20,9,Sep,2016,3,1,Tuesday,0
2016-09-21 00:00:00.000000,20160921,21,9,Sep,2016,3,2,Wednesday,0
2016-09-22 00:00:00.000000,20160922,22,9,Sep,2016,3,3,Thursday,0
2016-09-23 00:00:00.000000,20160923,23,9,Sep,2016,3,4,Friday,0
2016-09-24 00:00:00.000000,20160924,24,9,Sep,2016,3,5,Saturday,1
2016-09-25 00:00:00.000000,20160925,25,9,Sep,2016,3,6,Sunday,1
2016-09-26 00:00:00.000000,20160926,26,9,Sep,2016,3,0,Monday,0
2016-09-27 00:00:00.000000,20160927,27,9,Sep,2016,3,1,Tuesday,0
2016-09-28 00:00:00.000000,20160928,28,9,Sep,2016,3,2,Wednesday,0
2016-09-29 00:00:00.000000,20160929,29,9,Sep,2016,3,3,Thursday,0
2016-09-30 00:00:00.000000,20160930,30,9,Sep,2016,3,4,Friday,0
2016-10-01 00:00:00.000000,20161001,1,10,Oct,2016,4,5,Saturday,1
2016-10-02 00:00:00.000000,20161002,2,10,Oct,2016,4,6,Sunday,1
2016-10-03 00:00:00.000000,20161003,3,10,Oct,2016,4,0,Monday,0
2016-10-04 00:00:00.000000,20161004,4,10,Oct,2016,4,1,Tuesday,0
2016-10-05 00:00:00.000000,20161005,5,10,Oct,2016,4,2,Wednesday,0
2016-10-06 00:00:00.000000,20161006,6,10,Oct,2016,4,3,Thursday,0
2016-10-07 00:00:00.000000,20161007,7,10,Oct,2016,4,4,Friday,0
2016-10-08 00:00:00.000000,20161008,8,10,Oct,2016,4,5,Saturday,1
2016-10-09 00:00:00.000000,20161009,9,10,Oct,2016,4,6,Sunday,1
2016-10-10 00:00:00.000000,20161010,10,10,Oct,2016,4,0,Monday,0
2016-10-11 00:00:00.000000,20161011,11,10,Oct,2016,4,1,Tuesday,0
2016-10-12 00:00:00.000000,20161012,12,10,Oct,2016,4,2,Wednesday,0
2016-10-13 00:00:00.000000,20161013,13,10,Oct,2016,4,3,Thursday,0
2016-10-14 00:00:00.000000,20161014,14,10,Oct,2016,4,4,Friday,0
2016-10-15 00:00:00.000000,20161015,15,10,Oct,2016,4,5,Saturday,1
2016-10-16 00:00:00.000000,20161016,16,10,Oct,2016,4,6,Sunday,1
2016-10-17 00:00:00.000000,20161017,17,10,Oct,2016,4,0,Monday,0
2016-10-18 00:00:00.000000,20161018,18,10,Oct,2016,4,1,Tuesday,0
2016-10-19 00:00:00.000000,20161019,19,10,Oct,2016,4,2,Wednesday,0
2016-10-20 00:00:00.000000,20161020,20,10,Oct,2016,4,3,Thursday,0
2016-10-21 00:00:00.000000,20161021,21,10,Oct,2016,4,4,Friday,0
2016-10-22 00:00:00.000000,20161022,22,10,Oct,2016,4,5,Saturday,1
2016-10-23 00:00:00.000000,20161023,23,10,Oct,2016,4,6,Sunday,1
2016-10-24 00:00:00.000000,20161024,24,10,Oct,2016,4,0,Monday,0
2016-10-25 00:00:00.000000,20161025,25,10,Oct,2016,4,1,Tuesday,0
2016-10-26 00:00:00.000000,20161026,26,10,Oct,2016,4,2,Wednesday,0
2016-10-27 00:00:00.000000,20161027,27,10,Oct,2016,4,3,Thursday,0
2016-10-28 00:00:00.000000,20161028,28,10,Oct,2016,4,4,Friday,0
2016-10-29 00:00:00.000000,20161029,29,10,Oct,2016,4,5,Saturday,1
2016-10-30 00:00:00.000000,20161030,30,10,Oct,2016,4,6,Sunday,1
2016-10-31 00:00:00.000000,20161031,31,10,Oct,2016,4,0,Monday,0
2016-11-01 00:00:00.000000,20161101,1,11,Nov,2016,4,1,Tuesday,0
2016-11-02 00:00:00.000000,20161102,2,11,Nov,2016,4,2,Wednesday,0
2016-11-03 00:00:00.000000,20161103,3,11,Nov,2016,4,3,Thursday,0
2016-11-04 00:00:00.000000,20161104,4,11,Nov,2016,4,4,Friday,0
2016-11-05 00:00:00.000000,20161105,5,11,Nov,2016,4,5,Saturday,1
2016-11-06 00:00:00.000000,20161106,6,11,Nov,2016,4,6,Sunday,1
2016-11-07 00:00:00.000000,20161107,7,11,Nov,2016,4,0,Monday,0
2016-11-08 00:00:00.000000,20161108,8,11,Nov,2016,4,1,Tuesday,0
2016-11-09 00:00:00.000000,20161109,9,11,Nov,2016,4,2,Wednesday,0
2016-11-10 00:00:00.000000,20161110,10,11,Nov,2016,4,3,Thursday,0
2016-11-11 00:00:00.000000,20161111,11,11,Nov,2016,4,4,Friday,0
2016-11-12 00:00:00.000000,20161112,12,11,Nov,2016,4,5,Saturday,1
2016-11-13 00:00:00.000000,20161113,13,11,Nov,2016,4,6,Sunday,1
2016-11-14 00:00:00.000000,20161114,14,11,Nov,2016,4,0,Monday,0
2016-11-15 00:00:00.000000,20161115,15,11,Nov,2016,4,1,Tuesday,0
2016-11-16 00:00:00.000000,20161116,16,11,Nov,2016,4,2,Wednesday,0
2016-11-17 00:00:00.000000,20161117,17,11,Nov,2016,4,3,Thursday,0
2016-11-18 00:00:00.000000,20161118,18,11,Nov,2016,4,4,Friday,0
2016-11-19 00:00:00.000000,20161119,19,11,Nov,2016,4,5,Saturday,1
2016-11-20 00:00:00.000000,20161120,20,11,Nov,2016,4,6,Sunday,1
2016-11-21 00:00:00.000000,20161121,21,11,Nov,2016,4,0,Monday,0
2016-11-22 00:00:00.000000,20161122,22,11,Nov,2016,4,1,Tuesday,0
2016-11-23 00:00:00.000000,20161123,23,11,Nov,2016,4,2,Wednesday,0
2016-11-24 00:00:00.000000,20161124,24,11,Nov,2016,4,3,Thursday,0
2016-11-25 00:00:00.000000,20161125,25,11,Nov,2016,4,4,Friday,0
2016-11-26 00:00:00.000000,20161126,26,11,Nov,2016,4,5,Saturday,1
2016-11-27 00:00:00.000000,20161127,27,11,Nov,2016,4,6,Sunday,1
2016-11-28 00:00:00.000000,20161128,28,11,Nov,2016,4,0,Monday,0
2016-11-29 00:00:00.000000,20161129,29,11,Nov,2016,4,1,Tuesday,0
2016-11-30 00:00:00.000000,20161130,30,11,Nov,2016,4,2,Wednesday,0
2016-12-01 00:00:00.000000,20161201,1,12,Dec,2016,4,3,Thursday,0
2016-12-02 00:00:00.000000,20161202,2,12,Dec,2016,4,4,Friday,0
2016-12-03 00:00:00.000000,20161203,3,12,Dec,2016,4,5,Saturday,1
2016-12-04 00:00:00.000000,20161204,4,12,Dec,2016,4,6,Sunday,1
2016-12-05 00:00:00.000000,20161205,5,12,Dec,2016,4,0,Monday,0
2016-12-06 00:00:00.000000,20161206,6,12,Dec,2016,4,1,Tuesday,0
2016-12-07 00:00:00.000000,20161207,7,12,Dec,2016,4,2,Wednesday,0
2016-12-08 00:00:00.000000,20161208,8,12,Dec,2016,4,3,Thursday,0
2016-12-09 00:00:00.000000,20161209,9,12,Dec,2016,4,4,Friday,0
2016-12-10 00:00:00.000000,20161210,10,12,Dec,2016,4,5,Saturday,1
2016-12-11 00:00:00.000000,20161211,11,12,Dec,2016,4,6,Sunday,1
2016-12-12 00:00:00.000000,20161212,12,12,Dec,2016,4,0,Monday,0
2016-12-13 00:00:00.000000,20161213,13,12,Dec,2016,4,1,Tuesday,0
2016-12-14 00:00:00.000000,20161214,14,12,Dec,2016,4,2,Wednesday,0
2016-12-15 00:00:00.000000,20161215,15,12,Dec,2016,4,3,Thursday,0
2016-12-16 00:00:00.000000,20161216,16,12,Dec,2016,4,4,Friday,0
2016-12-17 00:00:00.000000,20161217,17,12,Dec,2016,4,5,Saturday,1
2016-12-18 00:00:00.000000,20161218,18,12,Dec,2016,4,6,Sunday,1
2016-12-19 00:00:00.000000,20161219,19,12,Dec,2016,4,0,Monday,0
2016-12-20 00:00:00.000000,20161220,20,12,Dec,2016,4,1,Tuesday,0
2016-12-21 00:00:00.000000,20161221,21,12,Dec,2016,4,2,Wednesday,0
2016-12-22 00:00:00.000000,20161222,22,12,Dec,2016,4,3,Thursday,0
2016-12-23 00:00:00.000000,20161223,23,12,Dec,2016,4,4,Friday,0
2016-12-24 00:00:00.000000,20161224,24,12,Dec,2016,4,5,Saturday,1
2016-12-25 00:00:00.000000,20161225,25,12,Dec,2016,4,6,Sunday,1
2016-12-26 00:00:00.000000,20161226,26,12,Dec,2016,4,0,Monday,0
2016-12-27 00:00:00.000000,20161227,27,12,Dec,2016,4,1,Tuesday,0
2016-12-28 00:00:00.000000,20161228,28,12,Dec,2016,4,2,Wednesday,0
2016-12-29 00:00:00.000000,20161229,29,12,Dec,2016,4,3,Thursday,0
2016-12-30 00:00:00.000000,20161230,30,12,Dec,2016,4,4,Friday,0
2016-12-31 00:00:00.000000,20161231,31,12,Dec,2016,4,5,Saturday,1
2017-01-01 00:00:00.000000,20170101,1,1,Jan,2017,1,6,Sunday,1
2017-01-02 00:00:00.000000,20170102,2,1,Jan,2017,1,0,Monday,0
2017-01-03 00:00:00.000000,20170103,3,1,Jan,2017,1,1,Tuesday,0
2017-01-04 00:00:00.000000,20170104,4,1,Jan,2017,1,2,Wednesday,0
2017-01-05 00:00:00.000000,20170105,5,1,Jan,2017,1,3,Thursday,0
2017-01-06 00:00:00.000000,20170106,6,1,Jan,2017,1,4,Friday,0
2017-01-07 00:00:00.000000,20170107,7,1,Jan,2017,1,5,Saturday,1
2017-01-08 00:00:00.000000,20170108,8,1,Jan,2017,1,6,Sunday,1
2017-01-09 00:00:00.000000,20170109,9,1,Jan,2017,1,0,Monday,0
2017-01-10 00:00:00.000000,20170110,10,1,Jan,2017,1,1,Tuesday,0
2017-01-11 00:00:00.000000,20170111,11,1,Jan,2017,1,2,Wednesday,0
2017-01-12 00:00:00.000000,20170112,12,1,Jan,2017,1,3,Thursday,0
2017-01-13 00:00:00.000000,20170113,13,1,Jan,2017,1,4,Friday,0
2017-01-14 00:00:00.000000,20170114,14,1,Jan,2017,1,5,Saturday,1
2017-01-15 00:00:00.000000,20170115,15,1,Jan,2017,1,6,Sunday,1
2017-01-16 00:00:00.000000,20170116,16,1,Jan,2017,1,0,Monday,0
2017-01-17 00:00:00.000000,20170117,17,1,Jan,2017,1,1,Tuesday,0
2017-01-18 00:00:00.000000,20170118,18,1,Jan,2017,1,2,Wednesday,0
2017-01-19 00:00:00.000000,20170119,19,1,Jan,2017,1,3,Thursday,0
2017-01-20 00:00:00.000000,20170120,20,1,Jan,2017,1,4,Friday,0
2017-01-21 00:00:00.000000,20170121,21,1,Jan,2017,1,5,Saturday,1
2017-01-22 00:00:00.000000,20170122,22,1,Jan,2017,1,6,Sunday,1
2017-01-23 00:00:00.000000,20170123,23,1,Jan,2017,1,0,Monday,0
2017-01-24 00:00:00.000000,20170124,24,1,Jan,2017,1,1,Tuesday,0
2017-01-25 00:00:00.000000,20170125,25,1,Jan,2017,1,2,Wednesday,0
2017-01-26 00:00:00.000000,20170126,26,1,Jan,2017,1,3,Thursday,0
2017-01-27 00:00:00.000000,20170127,27,1,Jan,2017,1,4,Friday,0
2017-01-28 00:00:00.000000,20170128,28,1,Jan,2017,1,5,Saturday,1
2017-01-29 00:00:00.000000,20170129,29,1,Jan,2017,1,6,Sunday,1
2017-01-30 00:00:00.000000,20170130,30,1,Jan,2017,1,0,Monday,0
2017-01-31 00:00:00.000000,20170131,31,1,Jan,2017,1,1,Tuesday,0
2017-02-01 00:00:00.000000,20170201,1,2,Feb,2017,1,2,Wednesday,0
2017-02-02 00:00:00.000000,20170202,2,2,Feb,2017,1,3,Thursday,0
2017-02-03 00:00:00.000000,20170203,3,2,Feb,2017,1,4,Friday,0
2017-02-04 00:00:00.000000,20170204,4,2,Feb,2017,1,5,Saturday,1
2017-02-05 00:00:00.000000,20170205,5,2,Feb,2017,1,6,Sunday,1
2017-02-06 00:00:00.000000,20170206,6,2,Feb,2017,1,0,Monday,0
2017-02-07 00:00:00.000000,20170207,7,2,Feb,2017,1,1,Tuesday,0
2017-02-08 00:00:00.000000,20170208,8,2,Feb,2017,1,2,Wednesday,0
2017-02-09 00:00:00.000000,20170209,9,2,Feb,2017,1,3,Thursday,0
2017-02-10 00:00:00.000000,20170210,10,2,Feb,2017,1,4,Friday,0
2017-02-11 00:00:00.000000,20170211,11,2,Feb,2017,1,5,Saturday,1
2017-02-12 00:00:00.000000,20170212,12,2,Feb,2017,1,6,Sunday,1
2017-02-13 00:00:00.000000,20170213,13,2,Feb,2017,1,0,Monday,0
2017-02-14 00:00:00.000000,20170214,14,2,Feb,2017,1,1,Tuesday,0
2017-02-15 00:00:00.000000,20170215,15,2,Feb,2017,1,2,Wednesday,0
2017-02-16 00:00:00.000000,20170216,16,2,Feb,2017,1,3,Thursday,0
2017-02-17 00:00:00.000000,20170217,17,2,Feb,2017,1,4,Friday,0
2017-02-18 00:00:00.000000,20170218,18,2,Feb,2017,1,5,Saturday,1
2017-02-19 00:00:00.000000,20170219,19,2,Feb,2017,1,6,Sunday,1
2017-02-20 00:00:00.000000,20170220,20,2,Feb,2017,1,0,Monday,0
2017-02-21 00:00:00.000000,20170221,21,2,Feb,2017,1,1,Tuesday,0
2017-02-22 00:00:00.000000,20170222,22,2,Feb,2017,1,2,Wednesday,0
2017-02-23 00:00:00.000000,20170223,23,2,Feb,2017,1,3,Thursday,0
2017-02-24 00:00:00.000000,20170224,24,2,Feb,2017,1,4,Friday,0
2017-02-25 00:00:00.000000,20170225,25,2,Feb,2017,1,5,Saturday,1
2017-02-26 00:00:00.000000,20170226,26,2,Feb,2017,1,6,Sunday,1
2017-02-27 00:00:00.000000,20170227,27,2,Feb,2017,1,0,Monday,0
2017-02-28 00:00:00.000000,20170228,28,2,Feb,2017,1,1,Tuesday,0
2017-03-01 00:00:00.000000,20170301,1,3,Mar,2017,1,2,Wednesday,0
2017-03-02 00:00:00.000000,20170302,2,3,Mar,2017,1,3,Thursday,0
2017-03-03 00:00:00.000000,20170303,3,3,Mar,2017,1,4,Friday,0
2017-03-04 00:00:00.000000,20170304,4,3,Mar,2017,1,5,Saturday,1
2017-03-05 00:00:00.000000,20170305,5,3,Mar,2017,1,6,Sunday,1
2017-03-06 00:00:00.000000,20170306,6,3,Mar,2017,1,0,Monday,0
2017-03-07 00:00:00.000000,20170307,7,3,Mar,2017,1,1,Tuesday,0
2017-03-08 00:00:00.000000,20170308,8,3,Mar,2017,1,2,Wednesday,0
2017-03-09 00:00:00.000000,20170309,9,3,Mar,2017,1,3,Thursday,0
2017-03-10 00:00:00.000000,20170310,10,3,Mar,2017,1,4,Friday,0
2017-03-11 00:00:00.000000,20170311,11,3,Mar,2017,1,5,Saturday,1
2017-03-12 00:00:00.000000,20170312,12,3,Mar,2017,1,6,Sunday,1
2017-03-13 00:00:00.000000,20170313,13,3,Mar,2017,1,0,Monday,0
2017-03-14 00:00:00.000000,20170314,14,3,Mar,2017,1,1,Tuesday,0
2017-03-15 00:00:00.000000,20170315,15,3,Mar,2017,1,2,Wednesday,0
2017-03-16 00:00:00.000000,20170316,16,3,Mar,2017,1,3,Thursday,0
2017-03-17 00:00:00.000000,20170317,17,3,Mar,2017,1,4,Friday,0
2017-03-18 00:00:00.000000,20170318,18,3,Mar,2017,1,5,Saturday,1
2017-03-19 00:00:00.000000,20170319,19,3,Mar,2017,1,6,Sunday,1
2017-03-20 00:00:00.000000,20170320,20,3,Mar,2017,1,0,Monday,0
2017-03-21 00:00:00.000000,20170321,21,3,Mar,2017,1,1,Tuesday,0
2017-03-22 00:00:00.000000,20170322,22,3,Mar,2017,1,2,Wednesday,0
2017-03-23 00:00:00.000000,20170323,23,3,Mar,2017,1,3,Thursday,0
2017-03-24 00:00:00.000000,20170324,24,3,Mar,2017,1,4,Friday,0
2017-03-25 00:00:00.000000,20170325,25,3,Mar,2017,1,5,Saturday,1
2017-03-26 00:00:00.000000,20170326,26,3,Mar,2017,1,6,Sunday,1
2017-03-27 00:00:00.000000,20170327,27,3,Mar,2017,1,0,Monday,0
2017-03-28 00:00:00.000000,20170328,28,3,Mar,2017,1,1,Tuesday,0
2017-03-29 00:00:00.000000,20170329,29,3,Mar,2017,1,2,Wednesday,0
2017-03-30 00:00:00.000000,20170330,30,3,Mar,2017,1,3,Thursday,0
2017-03-31 00:00:00.000000,20170331,31,3,Mar,2017,1,4,Friday,0
2017-04-01 00:00:00.000000,20170401,1,4,Apr,2017,2,5,Saturday,1
2017-04-02 00:00:00.000000,20170402,2,4,Apr,2017,2,6,Sunday,1
2017-04-03 00:00:00.000000,20170403,3,4,Apr,2017,2,0,Monday,0
2017-04-04 00:00:00.000000,20170404,4,4,Apr,2017,2,1,Tuesday,0
2017-04-05 00:00:00.000000,20170405,5,4,Apr,2017,2,2,Wednesday,0
2017-04-06 00:00:00.000000,20170406,6,4,Apr,2017,2,3,Thursday,0
2017-04-07 00:00:00.000000,20170407,7,4,Apr,2017,2,4,Friday,0
2017-04-08 00:00:00.000000,20170408,8,4,Apr,2017,2,5,Saturday,1
2017-04-09 00:00:00.000000,20170409,9,4,Apr,2017,2,6,Sunday,1
2017-04-10 00:00:00.000000,20170410,10,4,Apr,2017,2,0,Monday,0
2017-04-11 00:00:00.000000,20170411,11,4,Apr,2017,2,1,Tuesday,0
2017-04-12 00:00:00.000000,20170412,12,4,Apr,2017,2,2,Wednesday,0
2017-04-13 00:00:00.000000,20170413,13,4,Apr,2017,2,3,Thursday,0
2017-04-14 00:00:00.000000,20170414,14,4,Apr,2017,2,4,Friday,0
2017-04-15 00:00:00.000000,20170415,15,4,Apr,2017,2,5,Saturday,1
2017-04-16 00:00:00.000000,20170416,16,4,Apr,2017,2,6,Sunday,1
2017-04-17 00:00:00.000000,20170417,17,4,Apr,2017,2,0,Monday,0
2017-04-18 00:00:00.000000,20170418,18,4,Apr,2017,2,1,Tuesday,0
2017-04-19 00:00:00.000000,20170419,19,4,Apr,2017,2,2,Wednesday,0
2017-04-20 00:00:00.000000,20170420,20,4,Apr,2017,2,3,Thursday,0
2017-04-21 00:00:00.000000,20170421,21,4,Apr,2017,2,4,Friday,0
2017-04-22 00:00:00.000000,20170422,22,4,Apr,2017,2,5,Saturday,1
2017-04-23 00:00:00.000000,20170423,23,4,Apr,2017,2,6,Sunday,1
2017-04-24 00:00:00.000000,20170424,24,4,Apr,2017,2,0,Monday,0
2017-04-25 00:00:00.000000,20170425,25,4,Apr,2017,2,1,Tuesday,0
2017-04-26 00:00:00.000000,20170426,26,4,Apr,2017,2,2,Wednesday,0
2017-04-27 00:00:00.000000,20170427,27,4,Apr,2017,2,3,Thursday,0
2017-04-28 00:00:00.000000,20170428,28,4,Apr,2017,2,4,Friday,0
2017-04-29 00:00:00.000000,20170429,29,4,Apr,2017,2,5,Saturday,1
2017-04-30 00:00:00.000000,20170430,30,4,Apr,2017,2,6,Sunday,1
2017-05-01 00:00:00.000000,20170501,1,5,May,2017,2,0,Monday,0
2017-05-02 00:00:00.000000,20170502,2,5,May,2017,2,1,Tuesday,0
2017-05-03 00:00:00.000000,20170503,3,5,May,2017,2,2,Wednesday,0
2017-05-04 00:00:00.000000,20170504,4,5,May,2017,2,3,Thursday,0
2017-05-05 00:00:00.000000,20170505,5,5,May,2017,2,4,Friday,0
2017-05-06 00:00:00.000000,20170506,6,5,May,2017,2,5,Saturday,1
2017-05-07 00:00:00.000000,20170507,7,5,May,2017,2,6,Sunday,1
2017-05-08 00:00:00.000000,20170508,8,5,May,2017,2,0,Monday,0
2017-05-09 00:00:00.000000,20170509,9,5,May,2017,2,1,Tuesday,0
2017-05-10 00:00:00.000000,20170510,10,5,May,2017,2,2,Wednesday,0
2017-05-11 00:00:00.000000,20170511,11,5,May,2017,2,3,Thursday,0
2017-05-12 00:00:00.000000,20170512,12,5,May,2017,2,4,Friday,0
2017-05-13 00:00:00.000000,20170513,13,5,May,2017,2,5,Saturday,1
2017-05-14 00:00:00.000000,20170514,14,5,May,2017,2,6,Sunday,1
2017-05-15 00:00:00.000000,20170515,15,5,May,2017,2,0,Monday,0
2017-05-16 00:00:00.000000,20170516,16,5,May,2017,2,1,Tuesday,0
2017-05-17 00:00:00.000000,20170517,17,5,May,2017,2,2,Wednesday,0
2017-05-18 00:00:00.000000,20170518,18,5,May,2017,2,3,Thursday,0
2017-05-19 00:00:00.000000,20170519,19,5,May,2017,2,4,Friday,0
2017-05-20 00:00:00.000000,20170520,20,5,May,2017,2,5,Saturday,1
2017-05-21 00:00:00.000000,20170521,21,5,May,2017,2,6,Sunday,1
2017-05-22 00:00:00.000000,20170522,22,5,May,2017,2,0,Monday,0
2017-05-23 00:00:00.000000,20170523,23,5,May,2017,2,1,Tuesday,0
2017-05-24 00:00:00.000000,20170524,24,5,May,2017,2,2,Wednesday,0
2017-05-25 00:00:00.000000,20170525,25,5,May,2017,2,3,Thursday,0
2017-05-26 00:00:00.000000,20170526,26,5,May,2017,2,4,Friday,0
2017-05-27 00:00:00.000000,20170527,27,5,May,2017,2,5,Saturday,1
2017-05-28 00:00:00.000000,20170528,28,5,May,2017,2,6,Sunday,1
2017-05-29 00:00:00.000000,20170529,29,5,May,2017,2,0,Monday,0
2017-05-30 00:00:00.000000,20170530,30,5,May,2017,2,1,Tuesday,0
2017-05-31 00:00:00.000000,20170531,31,5,May,2017,2,2,Wednesday,0
2017-06-01 00:00:00.000000,20170601,1,6,Jun,2017,2,3,Thursday,0
2017-06-02 00:00:00.000000,20170602,2,6,Jun,2017,2,4,Friday,0
2017-06-03 00:00:00.000000,20170603,3,6,Jun,2017,2,5,Saturday,1
2017-06-04 00:00:00.000000,20170604,4,6,Jun,2017,2,6,Sunday,1
2017-06-05 00:00:00.000000,20170605,5,6,Jun,2017,2,0,Monday,0
2017-06-06 00:00:00.000000,20170606,6,6,Jun,2017,2,1,Tuesday,0
2017-06-07 00:00:00.000000,20170607,7,6,Jun,2017,2,2,Wednesday,0
2017-06-08 00:00:00.000000,20170608,8,6,Jun,2017,2,3,Thursday,0
2017-06-09 00:00:00.000000,20170609,9,6,Jun,2017,2,4,Friday,0
2017-06-10 00:00:00.000000,20170610,10,6,Jun,2017,2,5,Saturday,1
2017-06-11 00:00:00.000000,20170611,11,6,Jun,2017,2,6,Sunday,1
2017-06-12 00:00:00.000000,20170612,12,6,Jun,2017,2,0,Monday,0
2017-06-13 00:00:00.000000,20170613,13,6,Jun,2017,2,1,Tuesday,0
2017-06-14 00:00:00.000000,20170614,14,6,Jun,2017,2,2,Wednesday,0
2017-06-15 00:00:00.000000,20170615,15,6,Jun,2017,2,3,Thursday,0
2017-06-16 00:00:00.000000,20170616,16,6,Jun,2017,2,4,Friday,0
2017-06-17 00:00:00.000000,20170617,17,6,Jun,2017,2,5,Saturday,1
2017-06-18 00:00:00.000000,20170618,18,6,Jun,2017,2,6,Sunday,1
2017-06-19 00:00:00.000000,20170619,19,6,Jun,2017,2,0,Monday,0
2017-06-20 00:00:00.000000,20170620,20,6,Jun,2017,2,1,Tuesday,0
2017-06-21 00:00:00.000000,20170621,21,6,Jun,2017,2,2,Wednesday,0
2017-06-22 00:00:00.000000,20170622,22,6,Jun,2017,2,3,Thursday,0
2017-06-23 00:00:00.000000,20170623,23,6,Jun,2017,2,4,Friday,0
2017-06-24 00:00:00.000000,20170624,24,6,Jun,2017,2,5,Saturday,1
2017-06-25 00:00:00.000000,20170625,25,6,Jun,2017,2,6,Sunday,1
2017-06-26 00:00:00.000000,20170626,26,6,Jun,2017,2,0,Monday,0
2017-06-27 00:00:00.000000,20170627,27,6,Jun,2017,2,1,Tuesday,0
2017-06-28 00:00:00.000000,20170628,28,6,Jun,2017,2,2,Wednesday,0
2017-06-29 00:00:00.000000,20170629,29,6,Jun,2017,2,3,Thursday,0
2017-06-30 00:00:00.000000,20170630,30,6,Jun,2017,2,4,Friday,0
2017-07-01 00:00:00.000000,20170701,1,7,Jul,2017,3,5,Saturday,1
2017-07-02 00:00:00.000000,20170702,2,7,Jul,2017,3,6,Sunday,1
2017-07-03 00:00:00.000000,20170703,3,7,Jul,2017,3,0,Monday,0
2017-07-04 00:00:00.000000,20170704,4,7,Jul,2017,3,1,Tuesday,0
2017-07-05 00:00:00.000000,20170705,5,7,Jul,2017,3,2,Wednesday,0
2017-07-06 00:00:00.000000,20170706,6,7,Jul,2017,3,3,Thursday,0
2017-07-07 00:00:00.000000,20170707,7,7,Jul,2017,3,4,Friday,0
2017-07-08 00:00:00.000000,20170708,8,7,Jul,2017,3,5,Saturday,1
2017-07-09 00:00:00.000000,20170709,9,7,Jul,2017,3,6,Sunday,1
2017-07-10 00:00:00.000000,20170710,10,7,Jul,2017,3,0,Monday,0
2017-07-11 00:00:00.000000,20170711,11,7,Jul,2017,3,1,Tuesday,0
2017-07-12 00:00:00.000000,20170712,12,7,Jul,2017,3,2,Wednesday,0
2017-07-13 00:00:00.000000,20170713,13,7,Jul,2017,3,3,Thursday,0
2017-07-14 00:00:00.000000,20170714,14,7,Jul,2017,3,4,Friday,0
2017-07-15 00:00:00.000000,20170715,15,7,Jul,2017,3,5,Saturday,1
2017-07-16 00:00:00.000000,20170716,16,7,Jul,2017,3,6,Sunday,1
2017-07-17 00:00:00.000000,20170717,17,7,Jul,2017,3,0,Monday,0
2017-07-18 00:00:00.000000,20170718,18,7,Jul,2017,3,1,Tuesday,0
2017-07-19 00:00:00.000000,20170719,19,7,Jul,2017,3,2,Wednesday,0
2017-07-20 00:00:00.000000,20170720,20,7,Jul,2017,3,3,Thursday,0
2017-07-21 00:00:00.000000,20170721,21,7,Jul,2017,3,4,Friday,0
2017-07-22 00:00:00.000000,20170722,22,7,Jul,2017,3,5,Saturday,1
2017-07-23 00:00:00.000000,20170723,23,7,Jul,2017,3,6,Sunday,1
2017-07-24 00:00:00.000000,20170724,24,7,Jul,2017,3,0,Monday,0
2017-07-25 00:00:00.000000,20170725,25,7,Jul,2017,3,1,Tuesday,0
2017-07-26 00:00:00.000000,20170726,26,7,Jul,2017,3,2,Wednesday,0
2017-07-27 00:00:00.000000,20170727,27,7,Jul,2017,3,3,Thursday,0
2017-07-28 00:00:00.000000,20170728,28,7,Jul,2017,3,4,Friday,0
2017-07-29 00:00:00.000000,20170729,29,7,Jul,2017,3,5,Saturday,1
2017-07-30 00:00:00.000000,20170730,30,7,Jul,2017,3,6,Sunday,1
2017-07-31 00:00:00.000000,20170731,31,7,Jul,2017,3,0,Monday,0
2017-08-01 00:00:00.000000,20170801,1,8,Aug,2017,3,1,Tuesday,0
2017-08-02 00:00:00.000000,20170802,2,8,Aug,2017,3,2,Wednesday,0
2017-08-03 00:00:00.000000,20170803,3,8,Aug,2017,3,3,Thursday,0
2017-08-04 00:00:00.000000,20170804,4,8,Aug,2017,3,4,Friday,0
2017-08-05 00:00:00.000000,20170805,5,8,Aug,2017,3,5,Saturday,1
2017-08-06 00:00:00.000000,20170806,6,8,Aug,2017,3,6,Sunday,1
2017-08-07 00:00:00.000000,20170807,7,8,Aug,2017,3,0,Monday,0
2017-08-08 00:00:00.000000,20170808,8,8,Aug,2017,3,1,Tuesday,0
2017-08-09 00:00:00.000000,20170809,9,8,Aug,2017,3,2,Wednesday,0
2017-08-10 00:00:00.000000,20170810,10,8,Aug,2017,3,3,Thursday,0
2017-08-11 00:00:00.000000,20170811,11,8,Aug,2017,3,4,Friday,0
2017-08-12 00:00:00.000000,20170812,12,8,Aug,2017,3,5,Saturday,1
2017-08-13 00:00:00.000000,20170813,13,8,Aug,2017,3,6,Sunday,1
2017-08-14 00:00:00.000000,20170814,14,8,Aug,2017,3,0,Monday,0
2017-08-15 00:00:00.000000,20170815,15,8,Aug,2017,3,1,Tuesday,0
2017-08-16 00:00:00.000000,20170816,16,8,Aug,2017,3,2,Wednesday,0
2017-08-17 00:00:00.000000,20170817,17,8,Aug,2017,3,3,Thursday,0
2017-08-18 00:00:00.000000,20170818,18,8,Aug,2017,3,4,Friday,0
2017-08-19 00:00:00.000000,20170819,19,8,Aug,2017,3,5,Saturday,1
2017-08-20 00:00:00.000000,20170820,20,8,Aug,2017,3,6,Sunday,1
2017-08-21 00:00:00.000000,20170821,21,8,Aug,2017,3,0,Monday,0
2017-08-22 00:00:00.000000,20170822,22,8,Aug,2017,3,1,Tuesday,0
2017-08-23 00:00:00.000000,20170823,23,8,Aug,2017,3,2,Wednesday,0
2017-08-24 00:00:00.000000,20170824,24,8,Aug,2017,3,3,Thursday,0
2017-08-25 00:00:00.000000,20170825,25,8,Aug,2017,3,4,Friday,0
2017-08-26 00:00:00.000000,20170826,26,8,Aug,2017,3,5,Saturday,1
2017-08-27 00:00:00.000000,20170827,27,8,Aug,2017,3,6,Sunday,1
2017-08-28 00:00:00.000000,20170828,28,8,Aug,2017,3,0,Monday,0
2017-08-29 00:00:00.000000,20170829,29,8,Aug,2017,3,1,Tuesday,0
2017-08-30 00:00:00.000000,20170830,30,8,Aug,2017,3,2,Wednesday,0
2017-08-31 00:00:00.000000,20170831,31,8,Aug,2017,3,3,Thursday,0
2017-09-01 00:00:00.000000,20170901,1,9,Sep,2017,3,4,Friday,0
2017-09-02 00:00:00.000000,20170902,2,9,Sep,2017,3,5,Saturday,1
2017-09-03 00:00:00.000000,20170903,3,9,Sep,2017,3,6,Sunday,1
2017-09-04 00:00:00.000000,20170904,4,9,Sep,2017,3,0,Monday,0
2017-09-05 00:00:00.000000,20170905,5,9,Sep,2017,3,1,Tuesday,0
2017-09-06 00:00:00.000000,20170906,6,9,Sep,2017,3,2,Wednesday,0
2017-09-07 00:00:00.000000,20170907,7,9,Sep,2017,3,3,Thursday,0
2017-09-08 00:00:00.000000,20170908,8,9,Sep,2017,3,4,Friday,0
2017-09-09 00:00:00.000000,20170909,9,9,Sep,2017,3,5,Saturday,1
2017-09-10 00:00:00.000000,20170910,10,9,Sep,2017,3,6,Sunday,1
2017-09-11 00:00:00.000000,20170911,11,9,Sep,2017,3,0,Monday,0
2017-09-12 00:00:00.000000,20170912,12,9,Sep,2017,3,1,Tuesday,0
2017-09-13 00:00:00.000000,20170913,13,9,Sep,2017,3,2,Wednesday,0
2017-09-14 00:00:00.000000,20170914,14,9,Sep,2017,3,3,Thursday,0
2017-09-15 00:00:00.000000,20170915,15,9,Sep,2017,3,4,Friday,0
2017-09-16 00:00:00.000000,20170916,16,9,Sep,2017,3,5,Saturday,1
2017-09-17 00:00:00.000000,20170917,17,9,Sep,2017,3,6,Sunday,1
2017-09-18 00:00:00.000000,20170918,18,9,Sep,2017,3,0,Monday,0
2017-09-19 00:00:00.000000,20170919,19,9,Sep,2017,3,1,Tuesday,0
2017-09-20 00:00:00.000000,20170920,20,9,Sep,2017,3,2,Wednesday,0
2017-09-21 00:00:00.000000,20170921,21,9,Sep,2017,3,3,Thursday,0
2017-09-22 00:00:00.000000,20170922,22,9,Sep,2017,3,4,Friday,0
2017-09-23 00:00:00.000000,20170923,23,9,Sep,2017,3,5,Saturday,1
2017-09-24 00:00:00.000000,20170924,24,9,Sep,2017,3,6,Sunday,1
2017-09-25 00:00:00.000000,20170925,25,9,Sep,2017,3,0,Monday,0
2017-09-26 00:00:00.000000,20170926,26,9,Sep,2017,3,1,Tuesday,0
2017-09-27 00:00:00.000000,20170927,27,9,Sep,2017,3,2,Wednesday,0
2017-09-28 00:00:00.000000,20170928,28,9,Sep,2017,3,3,Thursday,0
2017-09-29 00:00:00.000000,20170929,29,9,Sep,2017,3,4,Friday,0
2017-09-30 00:00:00.000000,20170930,30,9,Sep,2017,3,5,Saturday,1
2017-10-01 00:00:00.000000,20171001,1,10,Oct,2017,4,6,Sunday,1
2017-10-02 00:00:00.000000,20171002,2,10,Oct,2017,4,0,Monday,0
2017-10-03 00:00:00.000000,20171003,3,10,Oct,2017,4,1,Tuesday,0
2017-10-04 00:00:00.000000,20171004,4,10,Oct,2017,4,2,Wednesday,0
2017-10-05 00:00:00.000000,20171005,5,10,Oct,2017,4,3,Thursday,0
2017-10-06 00:00:00.000000,20171006,6,10,Oct,2017,4,4,Friday,0
2017-10-07 00:00:00.000000,20171007,7,10,Oct,2017,4,5,Saturday,1
2017-10-08 00:00:00.000000,20171008,8,10,Oct,2017,4,6,Sunday,1
2017-10-09 00:00:00.000000,20171009,9,10,Oct,2017,4,0,Monday,0
2017-10-10 00:00:00.000000,20171010,10,10,Oct,2017,4,1,Tuesday,0
2017-10-11 00:00:00.000000,20171011,11,10,Oct,2017,4,2,Wednesday,0
2017-10-12 00:00:00.000000,20171012,12,10,Oct,2017,4,3,Thursday,0
2017-10-13 00:00:00.000000,20171013,13,10,Oct,2017,4,4,Friday,0
2017-10-14 00:00:00.000000,20171014,14,10,Oct,2017,4,5,Saturday,1
2017-10-15 00:00:00.000000,20171015,15,10,Oct,2017,4,6,Sunday,1
2017-10-16 00:00:00.000000,20171016,16,10,Oct,2017,4,0,Monday,0
2017-10-17 00:00:00.000000,20171017,17,10,Oct,2017,4,1,Tuesday,0
2017-10-18 00:00:00.000000,20171018,18,10,Oct,2017,4,2,Wednesday,0
2017-10-19 00:00:00.000000,20171019,19,10,Oct,2017,4,3,Thursday,0
2017-10-20 00:00:00.000000,20171020,20,10,Oct,2017,4,4,Friday,0
2017-10-21 00:00:00.000000,20171021,21,10,Oct,2017,4,5,Saturday,1
2017-10-22 00:00:00.000000,20171022,22,10,Oct,2017,4,6,Sunday,1
2017-10-23 00:00:00.000000,20171023,23,10,Oct,2017,4,0,Monday,0
2017-10-24 00:00:00.000000,20171024,24,10,Oct,2017,4,1,Tuesday,0
2017-10-25 00:00:00.000000,20171025,25,10,Oct,2017,4,2,Wednesday,0
2017-10-26 00:00:00.000000,20171026,26,10,Oct,2017,4,3,Thursday,0
2017-10-27 00:00:00.000000,20171027,27,10,Oct,2017,4,4,Friday,0
2017-10-28 00:00:00.000000,20171028,28,10,Oct,2017,4,5,Saturday,1
2017-10-29 00:00:00.000000,20171029,29,10,Oct,2017,4,6,Sunday,1
2017-10-30 00:00:00.000000,20171030,30,10,Oct,2017,4,0,Monday,0
2017-10-31 00:00:00.000000,20171031,31,10,Oct,2017,4,1,Tuesday,0
2017-11-01 00:00:00.000000,20171101,1,11,Nov,2017,4,2,Wednesday,0
2017-11-02 00:00:00.000000,20171102,2,11,Nov,2017,4,3,Thursday,0
2017-11-03 00:00:00.000000,20171103,3,11,Nov,2017,4,4,Friday,0
2017-11-04 00:00:00.000000,20171104,4,11,Nov,2017,4,5,Saturday,1
2017-11-05 00:00:00.000000,20171105,5,11,Nov,2017,4,6,Sunday,1
2017-11-06 00:00:00.000000,20171106,6,11,Nov,2017,4,0,Monday,0
2017-11-07 00:00:00.000000,20171107,7,11,Nov,2017,4,1,Tuesday,0
2017-11-08 00:00:00.000000,20171108,8,11,Nov,2017,4,2,Wednesday,0
2017-11-09 00:00:00.000000,20171109,9,11,Nov,2017,4,3,Thursday,0
2017-11-10 00:00:00.000000,20171110,10,11,Nov,2017,4,4,Friday,0
2017-11-11 00:00:00.000000,20171111,11,11,Nov,2017,4,5,Saturday,1
2017-11-12 00:00:00.000000,20171112,12,11,Nov,2017,4,6,Sunday,1
2017-11-13 00:00:00.000000,20171113,13,11,Nov,2017,4,0,Monday,0
2017-11-14 00:00:00.000000,20171114,14,11,Nov,2017,4,1,Tuesday,0
2017-11-15 00:00:00.000000,20171115,15,11,Nov,2017,4,2,Wednesday,0
2017-11-16 00:00:00.000000,20171116,16,11,Nov,2017,4,3,Thursday,0
2017-11-17 00:00:00.000000,20171117,17,11,Nov,2017,4,4,Friday,0
2017-11-18 00:00:00.000000,20171118,18,11,Nov,2017,4,5,Saturday,1
2017-11-19 00:00:00.000000,20171119,19,11,Nov,2017,4,6,Sunday,1
2017-11-20 00:00:00.000000,20171120,20,11,Nov,2017,4,0,Monday,0
2017-11-21 00:00:00.000000,20171121,21,11,Nov,2017,4,1,Tuesday,0
2017-11-22 00:00:00.000000,20171122,22,11,Nov,2017,4,2,Wednesday,0
2017-11-23 00:00:00.000000,20171123,23,11,Nov,2017,4,3,Thursday,0
2017-11-24 00:00:00.000000,20171124,24,11,Nov,2017,4,4,Friday,0
2017-11-25 00:00:00.000000,20171125,25,11,Nov,2017,4,5,Saturday,1
2017-11-26 00:00:00.000000,20171126,26,11,Nov,2017,4,6,Sunday,1
2017-11-27 00:00:00.000000,20171127,27,11,Nov,2017,4,0,Monday,0
2017-11-28 00:00:00.000000,20171128,28,11,Nov,2017,4,1,Tuesday,0
2017-11-29 00:00:00.000000,20171129,29,11,Nov,2017,4,2,Wednesday,0
2017-11-30 00:00:00.000000,20171130,30,11,Nov,2017,4,3,Thursday,0
2017-12-01 00:00:00.000000,20171201,1,12,Dec,2017,4,4,Friday,0
2017-12-02 00:00:00.000000,20171202,2,12,Dec,2017,4,5,Saturday,1
2017-12-03 00:00:00.000000,20171203,3,12,Dec,2017,4,6,Sunday,1
2017-12-04 00:00:00.000000,20171204,4,12,Dec,2017,4,0,Monday,0
2017-12-05 00:00:00.000000,20171205,5,12,Dec,2017,4,1,Tuesday,0
2017-12-06 00:00:00.000000,20171206,6,12,Dec,2017,4,2,Wednesday,0
2017-12-07 00:00:00.000000,20171207,7,12,Dec,2017,4,3,Thursday,0
2017-12-08 00:00:00.000000,20171208,8,12,Dec,2017,4,4,Friday,0
2017-12-09 00:00:00.000000,20171209,9,12,Dec,2017,4,5,Saturday,1
2017-12-10 00:00:00.000000,20171210,10,12,Dec,2017,4,6,Sunday,1
2017-12-11 00:00:00.000000,20171211,11,12,Dec,2017,4,0,Monday,0
2017-12-12 00:00:00.000000,20171212,12,12,Dec,2017,4,1,Tuesday,0
2017-12-13 00:00:00.000000,20171213,13,12,Dec,2017,4,2,Wednesday,0
2017-12-14 00:00:00.000000,20171214,14,12,Dec,2017,4,3,Thursday,0
2017-12-15 00:00:00.000000,20171215,15,12,Dec,2017,4,4,Friday,0
2017-12-16 00:00:00.000000,20171216,16,12,Dec,2017,4,5,Saturday,1
2017-12-17 00:00:00.000000,20171217,17,12,Dec,2017,4,6,Sunday,1
2017-12-18 00:00:00.000000,20171218,18,12,Dec,2017,4,0,Monday,0
2017-12-19 00:00:00.000000,20171219,19,12,Dec,2017,4,1,Tuesday,0
2017-12-20 00:00:00.000000,20171220,20,12,Dec,2017,4,2,Wednesday,0
2017-12-21 00:00:00.000000,20171221,21,12,Dec,2017,4,3,Thursday,0
2017-12-22 00:00:00.000000,20171222,22,12,Dec,2017,4,4,Friday,0
2017-12-23 00:00:00.000000,20171223,23,12,Dec,2017,4,5,Saturday,1
2017-12-24 00:00:00.000000,20171224,24,12,Dec,2017,4,6,Sunday,1
2017-12-25 00:00:00.000000,20171225,25,12,Dec,2017,4,0,Monday,0
2017-12-26 00:00:00.000000,20171226,26,12,Dec,2017,4,1,Tuesday,0
2017-12-27 00:00:00.000000,20171227,27,12,Dec,2017,4,2,Wednesday,0
2017-12-28 00:00:00.000000,20171228,28,12,Dec,2017,4,3,Thursday,0
2017-12-29 00:00:00.000000,20171229,29,12,Dec,2017,4,4,Friday,0
2017-12-30 00:00:00.000000,20171230,30,12,Dec,2017,4,5,Saturday,1
